feature_name,mean,std,min,max,median,q25,q75,skewness,kurtosis
feature_0,-0.09111697376876103,0.8698391267789669,-2.333748100233522,2.0754741047607883,0.0,-0.6216140659534806,0.37838593404651943,0.16008188117063962,0.5102286920898953
feature_1,0.12113963209028371,0.8971618997727056,-1.799409075395584,3.8121317316721535,0.0,-0.4518544378488655,0.5481455621511342,1.2066235059985522,3.422861415252928
feature_2,0.21394596894997617,1.040213967320017,-1.407600392200861,5.439354195663141,0.0,-0.42339281522406014,0.5766071847759399,2.3481820967406413,8.909947992305721
feature_3,0.15357773867545496,0.8755364315546964,-1.086374034817923,3.0241985589824396,0.0,-0.513095457432068,0.4869045425679318,1.3241788696227201,1.9361994783703178
feature_4,0.0437096656967538,0.7957854910504978,-2.8520658956456786,3.254759375807903,0.0,-0.4850252764174807,0.5149747235825188,0.3868459875394343,5.058501503700089
feature_5,0.03794729776058503,0.8116035899989718,-2.3490660655766185,3.380721531072623,0.0,-0.5014830722653711,0.4985169277346293,0.8376089925461873,3.988392069244802
feature_6,0.12216781463162983,0.897525071147366,-1.7956769325602944,3.817513353024012,0.0,-0.453964986160627,0.5460350138393733,1.209842629884839,3.4280615863282415
feature_7,-0.06779661016949148,0.8510095058056402,-2.2,1.5,0.0,-0.5,0.5,-0.7136725484680271,0.09556270395712918
feature_8,-0.016291973242708035,0.8176818126013157,-3.8538047823798873,1.7374291709447642,0.0,-0.5465826015437616,0.45341739845623896,-1.462765326419416,6.342921568964453
feature_9,0.2544644939077272,0.7974889055662161,-0.9690223172191752,2.6160208739036457,0.0,-0.3013525171272971,0.6986474828727027,1.2143989269325486,1.1293595322184835
feature_10,-0.12765841036268274,0.8917126968876582,-2.8037266154413483,1.453750278179039,0.0,-0.50098647272156,0.49901352727843984,-0.9292416617925873,1.0303018602663023
feature_11,-0.0677166467858315,0.7408697912983186,-2.19269942898641,1.5749464420142367,0.0,-0.525156514574922,0.47484348542507815,-0.41477774874050133,0.3310062791486348
feature_12,-0.050834861473238804,0.8441109760550924,-2.660493177208528,3.0152278391486838,0.0,-0.464193260104657,0.5358067398953426,0.050099309286384314,2.5176390082437274
feature_13,-0.062371382110349025,0.8844273089586158,-2.7113373664566778,3.6138806307934432,0.0,-0.6235881653620068,0.37641183463799355,0.7072761606534108,4.243718401514453
feature_14,-0.0365058670143416,0.7098820965163481,-2.769230769230769,1.4615384615384615,0.0,-0.5384615384615384,0.46153846153846156,-0.7352508251502197,2.0558091945474235
feature_15,-0.024505734653805674,0.7825299912733873,-2.447640777674909,1.89959442962025,0.0,-0.5549499149142079,0.445050085085792,-0.18053574805508393,0.8013325658244037
feature_16,0.05012071343378812,1.0647813904072234,-2.1837136994081483,3.1672105369499106,0.0,-0.5321900706667355,0.46780992933326504,0.41064372486238115,0.7205738612950641
feature_17,0.1373541027714612,1.1221024880238202,-1.8286326456932076,3.949857176153039,0.0,-0.5129518176186157,0.4870481823813845,1.0181635809890246,1.8746955651314492
feature_18,0.054999355009605434,0.9216197284787457,-1.708269277279286,2.1678229061544756,0.0,-0.5235951532636083,0.4764048467363917,0.5737402740705173,0.24331965564606017
feature_19,-0.12079053504219872,1.1034621299012601,-3.9369733878239646,2.783134584678061,0.0,-0.603210812915296,0.396789187084704,-0.2457857167310814,1.6627713965669102
feature_20,-0.07453280654569411,1.0729335706904957,-3.0579386873773005,2.9511587042946834,0.0,-0.5937149883499658,0.40628501165003417,0.1897349080516566,1.0608439916547967
feature_21,0.049246319712797616,1.0542401649494573,-2.1586911319929634,3.1236592873935236,0.0,-0.5305143814580028,0.4694856185419961,0.4126673365188,0.7219142079539247
feature_22,-0.08973080757726824,0.8594471801235763,-2.823529411764706,1.2941176470588236,0.0,-0.5294117647058824,0.47058823529411764,-1.1073895888095922,1.4347962748988978
feature_23,-0.09306063243309905,0.698103702566987,-3.1346806447519757,1.1789110410594266,0.0,-0.5773496565444679,0.4226503434555316,-1.1464032156515298,4.064060292046787
feature_24,-0.03785273340925259,0.7452986108890884,-1.7196563434622925,1.3864049186023866,0.0,-0.6070129687283401,0.39298703127165985,-0.07931446000961818,-0.5173196063583796
feature_25,-0.21838543569142366,0.9420064023317364,-2.9063829981975613,1.3521113626385244,0.0,-0.5428960200268134,0.45710397997318664,-1.1821962846085508,1.019103095599875
feature_26,-0.08276533076455805,1.0874564600273648,-5.906537033615426,1.6750163719427553,0.0,-0.511508295940114,0.48849170405988596,-2.6218722113749404,11.840290393566521
feature_27,0.0019883527868597923,0.9230967974420232,-2.619050027677098,2.850794766963345,0.0,-0.491581468169606,0.5084185318303942,-0.06491698692387192,1.2166793181309714
feature_28,0.11641471605116352,0.8291403187449436,-2.6397119777143843,1.964747191664113,0.0,-0.3958426260399337,0.6041573739600663,-0.08366874071355548,0.8459726600765416
feature_29,0.05887600356824262,0.8470575138849656,-2.736842105263158,1.7894736842105263,0.0,-0.3684210526315789,0.631578947368421,-0.6248377996824414,1.2614405048974842
feature_30,0.0011606021462196505,0.813973993922224,-2.4289319360160406,2.309083652298604,0.0,-0.5332122884229289,0.4667877115770712,0.09815300716903864,0.8493108845703343
feature_31,0.08000470035280288,0.7561866156304661,-1.827619104905899,1.5604409308310643,0.0,-0.3134960309976462,0.6865039690023534,-0.004055652909903964,-0.38929909411735375
feature_32,0.13724310061789916,0.7429959588559748,-1.4077952451254212,1.7538311257832002,0.0,-0.29102827880054705,0.7089717211994531,0.36463792422396435,-0.5441311271803886
feature_33,-0.02388630723680785,0.5616192713886828,-1.4904224919753737,0.9880613803694698,0.0,-0.5811515915449261,0.4188484084550739,-0.13464648191351644,-0.620937159839333
feature_34,-0.004835759565972249,0.7674987776484246,-2.740518689036094,1.5973222751077467,0.0,-0.4282936833989565,0.5717063166010439,-0.5891458195700446,1.3039947167205463
feature_35,0.04789557267447403,0.7544107360513622,-1.954027164967661,1.4917627664627318,0.0,-0.3967551332596091,0.6032448667403909,-0.20285130899950363,-0.11954190639710705
feature_36,0.0810718393497645,0.753795965239409,-1.816323668518628,1.5515996501516984,0.0,-0.31356903219877447,0.6864309678012255,-0.006462185207896715,-0.40334501873459416
feature_37,0.03631961259079905,1.159262763953881,-3.7142857142857144,2.2857142857142856,0.0,-0.42857142857142855,0.5714285714285714,-0.5691270832966158,0.9195818486955396
feature_38,-0.09415246807043214,0.6629701760552662,-2.7415437350977077,1.112111525727952,0.0,-0.5842610028955761,0.41573899710442386,-0.9631991802265851,2.394719824611119
feature_39,-0.14985013997025964,0.5768041227600292,-1.30539187789778,1.2008932858043206,0.0,-0.6887210314806592,0.3112789685193408,-0.10571660703622333,-0.5218687898668688
feature_40,-0.20052489847081809,0.6843570065042178,-1.8409449521543595,1.4273085348150372,0.0,-0.7763319962344264,0.22366800376557336,-0.49915965017133423,0.006797297354780962
feature_41,-0.13286031371090765,0.7521135803610534,-2.1896783740897603,1.1135923092869011,0.0,-0.63072583703131,0.36927416296868987,-0.6881935225466058,0.02190352114611338
feature_42,0.05932793441412686,0.9329195272561592,-1.7428217954547982,3.321393177461925,0.0,-0.4476102802136623,0.5523897197863379,0.6581633318804035,1.2399707636382695
feature_43,0.115224972730621,0.8195478195380484,-2.584018488898164,1.7864984619483582,0.0,-0.3099474021930543,0.6900525978069454,-0.2032728650360406,0.5335301579488698
feature_44,0.02477183833116038,0.7653671783232008,-2.4615384615384617,1.6923076923076923,0.0,-0.46153846153846156,0.5384615384615384,-0.3839229934161063,0.554753434073255
feature_45,0.011050305993920076,0.8052606691336265,-1.7627671023522886,2.2313151701592315,0.0,-0.5546662627336155,0.4453337372663845,0.20293771377491449,0.12355770541320377
feature_46,-0.14736230834134315,0.7558951945617872,-2.4746430554122,1.6462919690761957,0.0,-0.6799249488445194,0.3200750511554815,-0.673510470118724,0.6426064758092322
feature_47,-0.09650651013144368,0.7286533204499327,-1.9818365192396947,1.9572898278593496,0.0,-0.6594086293354935,0.340591370664507,-0.18669433267427205,0.3600778800607656
feature_48,-0.056123343420040626,0.812648080457024,-2.097287479713031,1.4142351648855118,0.0,-0.42601263573161097,0.573987364268389,-0.5173758932549863,0.19030315327305347
feature_49,-0.1269327595351268,0.840938620439119,-3.861108298125345,1.4775393681880982,0.0,-0.5629044287990359,0.43709557120096415,-1.5008509824848524,4.61474238185411
feature_50,-0.19513752164414294,0.8045224951806158,-3.29815733261345,1.6074371064811708,0.0,-0.6750730724417341,0.32492692755826547,-1.0783503071925526,2.3174578341493284
feature_51,-0.1463323618813335,0.7560498627920967,-2.4773209306838386,1.6438293561516875,0.0,-0.6821501671876893,0.3178498328123107,-0.6784946536575919,0.6457902755475629
feature_52,-0.06779661016949155,0.8221196426958027,-3.3333333333333335,1.8888888888888888,0.0,-0.5555555555555556,0.4444444444444444,-0.8940856175758463,2.7440114637009207
feature_53,-0.08491506591480362,0.6612063235366678,-2.7348753131109573,1.0780669477099696,0.0,-0.5310515527721217,0.46894844722787865,-0.9616772844018291,2.3353303758684385
feature_54,-0.06829901355696912,0.6779394674055491,-1.3366614920171815,1.0893198501188388,0.0,-0.5544104953829545,0.44558950461704505,-0.22321759777316294,-1.0574976951977837
feature_55,-0.021951316346355297,0.6971619114412745,-1.1208622786196953,1.3952196542749364,0.0,-0.5392598976225038,0.4607401023774967,0.13760750110932027,-0.9120514875943075
feature_56,-0.048499144167128236,0.6994844206134508,-2.0127849402089533,1.3198930128220208,0.0,-0.5541058111220103,0.44589418887798965,-0.26403814022531363,-0.03643375901108614
feature_57,0.10125655345338862,0.8484329823060961,-1.2681318711154783,3.6366299952197463,0.0,-0.5166985938123234,0.48330140618767625,1.2628457392147614,3.2456885445429986
feature_58,-0.16650974071041197,0.8121390862906607,-3.501539671354805,1.4151083179087385,0.0,-0.6555710134206678,0.3444289865793324,-1.0379755194838312,3.0407315929316514
feature_59,0.04406779661016954,0.8525676446030303,-2.9,1.8,0.0,-0.4,0.6,-0.6640273042220438,1.4468509613419887
feature_60,-0.08831516500617385,0.8793974017715979,-2.1737571900054733,2.6499820280134174,0.0,-0.5763765656429578,0.4236234343570422,0.2228788216028133,0.8966737037532306
feature_61,-0.13683986681534394,0.8268375128509966,-2.4039106275805304,1.7318919463263782,0.0,-0.557467976089731,0.44253202391026947,-0.37368427427451706,-0.07189553497083034
feature_62,-0.07393853474333258,0.7958345625584696,-1.8998613234145736,2.0249038149567875,0.0,-0.5348656559351506,0.46513434406484944,0.04752579067063386,-0.1604961844730175
feature_63,-0.004904300331916943,1.122385611214273,-2.0271791200251443,4.521805710028747,0.0,-0.5932162738868818,0.4067837261131181,1.886142477797072,6.671990627549443
feature_64,-0.008547215955411021,0.6650522102671784,-2.3500385352480837,1.591917986282775,0.0,-0.5169162726190907,0.48308372738090916,-0.4361304934996505,1.1772174674824267
feature_65,-0.11024966341175164,0.7410127777375467,-2.568018892321772,1.3220920748387184,0.0,-0.5791517097568568,0.42084829024314313,-0.5723804844584285,0.5869584970663322
feature_66,-0.14608777226127764,0.8292779217881308,-2.422103913360053,1.7203859879914094,0.0,-0.5691835954777762,0.4308164045222229,-0.3808447179178083,-0.07302430673830074
feature_67,-0.13854089904200442,0.746505087490183,-2.608695652173913,1.1304347826086956,0.0,-0.6086956521739131,0.3913043478260869,-0.9444801178206862,1.273904877536748
feature_68,-0.05185715361381351,1.1330570467570324,-4.791727422755891,3.322967050055059,0.0,-0.5841781129061234,0.415821887093876,-0.43236048939412697,5.020704535775609
feature_69,-0.19188087454482614,0.6721156491707716,-1.857741376118824,0.9513767883795409,0.0,-0.6416449148246218,0.3583550851753782,-0.6715645046304934,-0.4628067921784451
feature_70,-0.13704464114627862,1.5210392615686734,-7.159601329089763,1.8143978699924261,0.0,-0.4019694270706109,0.5980305729293891,-3.2098463782002553,12.628413918300229
feature_71,0.025273769763070705,0.7748343406509042,-1.5744361778825324,2.0922350650082304,0.0,-0.4385393153261573,0.5614606846738428,0.1906989134760298,0.06566465990631842
feature_72,-0.05142879913952591,0.9117025146289568,-2.3457588865607892,2.8561221346086128,0.0,-0.5096110565041273,0.4903889434958727,0.018785098858053604,0.9397175726745841
feature_73,0.009439639232614755,0.6660735919065607,-2.1831918721001746,1.294497119780764,0.0,-0.5171276229730992,0.4828723770269008,-0.2833772327615414,0.4429464150289233
feature_74,-0.005649717514124266,0.8042765295961598,-3.5833333333333335,1.4166666666666667,0.0,-0.45833333333333337,0.5416666666666667,-1.4504659623334786,4.768012881173598
feature_75,0.13402714523336565,0.7572205267905175,-1.2639897805364397,2.0067939318515315,0.0,-0.3628050319551188,0.6371949680448811,0.34362573865685,-0.3908714019330426
feature_76,0.009787048139311957,0.8721911376384583,-2.9159277862369652,1.8691223864856865,0.0,-0.4731926998212985,0.5268073001787009,-0.3214613567156417,1.101330397810984
feature_77,0.06942160932299558,0.85695200988887,-2.236815934478106,2.1353322532883445,0.0,-0.4536274840366199,0.5463725159633804,0.2635751035979451,0.4132135387641891
feature_78,0.2516827742054404,1.20319129422301,-1.7979883478397727,4.553569922261626,0.0,-0.26847055477965476,0.7315294452203457,1.490315548842192,3.701737480142679
feature_79,-0.04483592476408151,1.127398601903964,-4.811715971054996,2.587112496934068,0.0,-0.5457407884564325,0.4542592115435675,-0.817192118178398,4.379226329870053
feature_80,-0.046897984500173705,0.9586809716156091,-3.919705422078897,2.0989751168015154,0.0,-0.5152474493433938,0.4847525506566063,-0.7571321618325534,3.20241925238809
feature_81,0.013437451426712786,0.8754031298653815,-2.92523907782187,1.873288696628202,0.0,-0.4708371104360375,0.5291628895639625,-0.31987158072556715,1.112418847647878
feature_82,-0.06403013182674205,0.8945683412641507,-3.0,1.8888888888888888,0.0,-0.5555555555555556,0.4444444444444444,-0.4582878853880218,1.0096289242431729
feature_83,0.0035854914721978825,0.7250577080447115,-3.327362321464205,1.181812161335564,0.0,-0.44297883512842573,0.5570211648715735,-1.4490023768077562,5.3705227824320705
feature_84,-0.18063341527616933,0.7623349992643909,-1.8929171842419337,1.4634971780826445,0.0,-0.7888278376345761,0.21117216236542397,0.0008015524388036579,-0.40030504835119274
feature_85,-0.1113798357572739,1.055761661582961,-4.760437207060972,1.4112095316914428,0.0,-0.4998316734002165,0.5001683265997833,-2.7840912914661895,10.12747818019794
feature_86,0.11224751599594858,0.7624543706223533,-1.3630287964361139,2.099118741076138,0.0,-0.4132180566988295,0.5867819433011705,0.5651765120060297,-0.25642057158700693
feature_87,0.12000365655942861,0.9286633803498756,-2.792265559305874,3.7027881452640177,0.0,-0.2892234640762952,0.7107765359237048,0.26746096946561726,3.5585035076812686
feature_88,0.04660098630374242,0.9894398703434518,-3.8653650777269846,2.692178399868733,0.0,-0.5121705161228449,0.4878294838771551,-0.562966486078131,2.9951500167212783
feature_89,-0.05021971123666041,0.7566945709652746,-3.037037037037037,1.3333333333333333,0.0,-0.48148148148148145,0.5185185185185185,-0.9356112992545066,2.3411923812763353
feature_90,0.05223788802584191,0.8260742880952244,-1.9600933294946306,1.9680771881638592,0.0,-0.4377950166669748,0.5622049833330252,0.15205535046816399,0.04865771590565737
feature_91,0.05609640639450256,0.7632377420201498,-1.701801089503462,2.056446656582121,0.0,-0.4768649661336116,0.5231350338663884,0.3527650695005312,0.18277937219759677
feature_92,0.12222733324621989,0.7979149737232764,-1.3644415702626969,2.5253197605034723,0.0,-0.44856082931148455,0.5514391706885157,0.8573711088678345,0.7319171185609719
feature_93,0.1660430484943037,0.8908551817697149,-1.2618416348234085,2.8966084501467417,0.0,-0.48198260944265664,0.5180173905573433,1.2285952842216634,1.508849177592836
feature_94,-0.024647179237854366,0.909622820412117,-4.009336351260858,2.0530077887421614,0.0,-0.5482422243994444,0.45175777560055563,-1.1709606319487518,4.713094160842057
feature_95,0.043092903889255164,0.8278698792223256,-2.6196838300713647,2.015824935466013,0.0,-0.47128527197394576,0.5287147280260547,-0.10928615873541614,1.0598053319665564
feature_96,0.059518994648296596,0.771435220218415,-1.7129848968486763,2.0770411052284667,0.0,-0.4705217099470752,0.529478290052924,0.35350698568367467,0.17968532228388057
feature_97,-0.057010785824345184,0.7823695166201318,-2.909090909090909,1.6363636363636365,0.0,-0.5454545454545454,0.45454545454545453,-0.8490311981908897,1.6601104107535223
feature_98,-0.04368321187048239,0.8396768490302575,-3.101000146231215,2.2447426223943827,0.0,-0.6333784507177453,0.36662154928225416,-0.197999734921983,2.1098658053794956
feature_99,0.16163330054055874,1.0525599954327889,-2.0394002705758147,2.970899118846097,0.0,-0.46329786573749576,0.5367021342625042,0.9371233258859757,1.0338730872908082
feature_100,-0.23477626923779985,0.818768356018875,-2.824885869654503,0.7452289740050225,0.0,-0.6656576697585144,0.33434233024148574,-1.3999692853856773,1.9872370438470082
feature_101,-0.08192125871314236,0.7576195740098032,-1.6471624404857457,1.4494860058902377,0.0,-0.6660500933076456,0.33394990669235436,0.01636081399785004,-0.7007979300071172
feature_102,0.08337263010958312,0.9609011072655277,-1.949321321378093,4.292372887556111,0.0,-0.42583661597568445,0.5741633840243152,1.2769638573619737,4.589648338915802
feature_103,0.09056365363288908,0.9323557029319594,-3.591078417318679,2.4952215547333525,0.0,-0.4148394286744601,0.5851605713255397,-0.5454984872576358,3.1663344722449995
feature_104,0.04237288135593224,0.7534248359126746,-2.9166666666666665,1.4166666666666667,0.0,-0.4166666666666667,0.5833333333333334,-0.9886147525353443,2.4818640476275
feature_105,-0.017757872701555863,0.7645079260186165,-1.8146537647020302,1.4368481002490436,0.0,-0.4418036575020495,0.5581963424979505,-0.42538301258017197,-0.47735915574168253
feature_106,0.1278917822177481,1.1902682470406707,-2.627048079048648,5.329874940618762,0.0,-0.4392539643841816,0.5607460356158185,2.058480371706395,7.565700446042429
feature_107,0.23966077337709932,1.4556683940256439,-2.0571119226381835,7.5181107366584605,0.0,-0.41971974603130124,0.5802802539686988,3.2465627464365285,13.09051418860372
feature_108,0.24525561674198595,0.827679161998301,-0.9118636288002874,3.2103851902114515,0.0,-0.29793206998263316,0.7020679300173662,1.5656772086798947,3.2906254378729116
feature_109,0.005606173364329863,1.0457031188692982,-4.3171984919230235,3.8748072714038915,0.0,-0.4848481570581511,0.5151518429418492,-0.2568141881528008,5.804883663680695
feature_110,0.0933889395778209,1.2922118274335412,-4.024864123687536,5.5928515199714735,0.0,-0.44667374003345317,0.5533262599665462,1.1897504221971065,6.211614572520418
feature_111,0.12941713820261294,1.1832052913368205,-2.613330496758445,5.297928921686807,0.0,-0.4375840255702277,0.5624159744297728,2.053743572027859,7.5481390782263365
feature_112,-0.09371884346959122,0.9500527748224509,-3.764705882352941,1.6470588235294117,0.0,-0.47058823529411764,0.5294117647058824,-1.019291195102938,2.250864642777503
feature_113,-0.12443353221672313,0.850671168525777,-4.032919206665321,1.6931502289826994,0.0,-0.5485345748030166,0.4514654251969839,-1.4447926042340853,5.8545212256355015
feature_114,0.08659403633095047,0.9400700419500125,-1.8277296573553037,3.183292843594179,0.0,-0.5814660039869057,0.4185339960130945,1.0591559147894505,2.1051258299795927
feature_115,-0.18568082139989,0.8279723400369446,-2.5155273496335835,1.1064022727321459,0.0,-0.5862766968032909,0.41372330319670964,-1.1189649840970755,0.8105566005008815
feature_116,0.0622816357900662,0.8158702773664028,-2.256012889638471,2.515379918836447,0.0,-0.48221573567153375,0.5177842643284662,0.1323095239158142,0.8368501331739395
feature_117,0.01999421893411562,1.1635111735775556,-4.063969203888316,4.555293817732171,0.0,-0.41862527164763247,0.5813747283523676,0.1752174211047801,4.2904143476313665
feature_118,-0.10345207113715167,0.9321786990636867,-3.602185445167012,3.005981575250681,0.0,-0.6070356663457954,0.3929643336542052,-0.19225121854190533,3.499253468425475
feature_119,0.011299435028248577,0.723785043926273,-2.4,1.2,0.0,-0.43333333333333335,0.5666666666666667,-0.6079942499356775,0.47576845101673637
feature_120,0.05636241965058918,0.8732019461473786,-1.7802640466494968,2.100383726978574,0.0,-0.45346326669971815,0.5465367333002817,0.24301072911804644,-0.22244232985589907
feature_121,-0.09945376180332845,0.799823565292833,-2.1900728152246836,1.4565602614710675,0.0,-0.5632720507805146,0.43672794921948493,-0.3018689616585297,-0.030564286371169036
feature_122,-0.04464190211085812,0.7818756403232412,-1.8012179835416073,1.6549680232506205,0.0,-0.5420996769766409,0.4579003230233592,0.08464180801026763,-0.278546873243918
feature_123,0.18436669898762717,1.0655574198785365,-1.6914662425283205,3.136970892845339,0.0,-0.3638545683861951,0.6361454316138044,0.8750363066724363,0.8807895997152171
feature_124,-0.12933390178802678,0.9938352872649243,-4.169785479584233,1.8833156074952204,0.0,-0.6073770776016109,0.39262292239838914,-1.0049309761514524,3.0444654876028823
feature_125,0.0016963534195043462,0.8569460040041187,-3.0681362888344617,1.595022938737511,0.0,-0.4790931096066827,0.5209068903933174,-0.8163051192463453,1.5105035201466315
feature_126,-0.09663568801327468,0.7979695749029582,-2.181733578246347,1.4515248576338193,0.0,-0.5546590279528709,0.4453409720471281,-0.30548458136555906,-0.03327588925046365
feature_127,-0.10734463276836162,1.21539199223443,-5.166666666666667,3.0,0.0,-0.5,0.5,-1.2645968430647707,4.086504516852201
feature_128,-0.07093067005320394,0.6613025162423373,-2.5234552210922665,1.176805028541239,0.0,-0.588443230231942,0.41155676976805833,-0.7742970842980821,1.4480961810157789
feature_129,0.01340404352792259,0.7834984990342799,-1.6903017918852776,2.0543653241457855,0.0,-0.49912311508789436,0.5008768849121057,0.0449517533364591,0.21146733159829578
feature_130,-0.16693867903686024,1.2900628847184357,-4.763548741526926,1.8148361703939035,0.0,-0.44167344980032064,0.558326550199679,-1.8343503935429066,3.7821998737478726
feature_131,0.018218589966995807,0.7342316085352817,-1.6448951257649538,1.6523269240038065,0.0,-0.4812976627555955,0.5187023372444044,0.11754131544673146,-0.5188837291972659
feature_132,0.034043415930087806,0.7864687176426755,-1.6792126277859818,3.0620975406375472,0.0,-0.5070491708975616,0.4929508291024379,0.8709856589857425,2.251623291086365
feature_133,0.0010242127338797554,0.9456538379713456,-3.583162275676172,2.051546018241851,0.0,-0.512039815287715,0.4879601847122845,-0.553484827917753,2.1962062043279413
feature_134,0.060092449922958396,0.7947527468962436,-3.3636363636363638,1.9090909090909092,0.0,-0.40909090909090906,0.5909090909090908,-1.0130181367943167,4.19752451189748
feature_135,0.02507604854412212,0.7005446269213073,-1.3607891449626615,1.7002297785077185,0.0,-0.5159464116068073,0.4840535883931926,0.20399824811798659,-0.5618147679547927
feature_136,-0.1469057766365673,0.8176083863057371,-2.961879867220344,1.5689471400525534,0.0,-0.6086869764365631,0.39131302356343745,-0.7958784908368044,1.1197422728299466
feature_137,-0.09694720117662747,0.776616212961923,-2.3448261138539492,1.7817116982458665,0.0,-0.5906028563121952,0.40939714368780483,-0.3320253152048468,0.21976310508571428
feature_138,0.0712574210754908,0.7764403932783615,-1.477483517837296,1.8764975677476168,0.0,-0.4719323675798458,0.5280676324201538,0.22044526392365427,-0.495632095477339
feature_139,-0.12024652501978259,0.9239592041456465,-4.453917718816973,1.3925414388304704,0.0,-0.4905867120933246,0.5094132879066757,-1.7873256981202652,6.223134548535896
feature_140,-0.1120372231121466,0.8297864388378876,-3.5955232192484217,1.4749260014203764,0.0,-0.5506855380382685,0.4493144619617312,-1.343656791875208,3.5726116642786376
feature_141,-0.14340863407021456,0.817828872555236,-2.958680366796239,1.5695519809421248,0.0,-0.6066462302543489,0.39335376974565106,-0.7988418970570935,1.1155830480765125
feature_142,-0.07415254237288135,0.8374568810262902,-4.0,1.25,0.0,-0.5,0.5,-1.8938786586703178,6.159614934143541
feature_143,-0.14504313395027613,0.7203334734719143,-3.3206897454628326,0.9996206709285503,0.0,-0.6679472531172166,0.33205274688278297,-1.371785329830177,4.254076241988926
feature_144,-0.1797645624139576,0.8327236035653176,-1.9696512255375052,1.4556738794999229,0.0,-0.7072654041726573,0.2927345958273428,-0.4053431100310483,-0.19375896432468975
feature_145,-0.04095149440768419,0.7632145200559323,-2.2806049836700715,1.4512960102427606,0.0,-0.4317671997634145,0.5682328002365855,-0.7267648100089449,0.7744715549736916
feature_146,-0.14115216688460744,0.7718363110178588,-2.2076367915617863,1.5309070172991617,0.0,-0.6379822755188008,0.3620177244811992,-0.5366196985958418,0.10136701257097602
feature_147,0.10062843715108387,0.8913130948609324,-1.328981603085398,4.169838701594366,0.0,-0.48355975716608113,0.5164402428339194,1.5865724630130622,5.318755557650883
feature_148,-0.12787826333722313,0.8012998805002672,-3.4316159237451296,1.0969824038922775,0.0,-0.6060815050674184,0.3939184949325815,-1.1828341830163374,3.0518117248870293
feature_149,-0.13785310734463277,1.0669395418464465,-4.666666666666667,2.0,0.0,-0.6,0.4,-1.2986522190223468,4.011859270859381
feature_150,0.0011566356256522486,0.7080289407309375,-1.5144522284517659,1.4810294974817881,0.0,-0.515159889853778,0.48484011014622186,-0.05522103271986225,-0.6659701029097409
feature_151,0.046133839416135074,0.7883877098474242,-1.4875811305223587,3.0198480879704848,0.0,-0.45430483380437037,0.54569516619563,0.9316730836949861,1.927833141651404
feature_152,0.11341438911226406,0.8594681456430262,-1.23238076288372,3.9802137348296625,0.0,-0.42735166001549985,0.5726483399845002,1.7097602989495357,5.117538841587441
feature_153,0.23631523879568858,0.9138401505041847,-1.1567133683194464,3.28025765803181,0.0,-0.30661125738376016,0.6933887426162402,1.1225698619885538,1.3742030471145101
feature_154,0.16845378529226415,0.9594959281014233,-4.2238867019544255,2.2877185945779175,0.0,-0.23572290493536252,0.7642770950646374,-1.2983387190494007,5.712511362831924
feature_155,0.12947390176819099,0.8132674755835475,-2.5273937068036276,2.9665355989568805,0.0,-0.34203179918701004,0.6579682008129899,0.25933963328462545,2.379697145559142
feature_156,0.046630703112287446,0.7820768727434525,-1.4746455342493892,2.993683237453414,0.0,-0.45230103053860377,0.5476989694613963,0.9313081713011016,1.9231822493155981
feature_157,-0.22425032594524122,1.098251099705736,-5.384615384615385,2.1538461538461537,0.0,-0.6153846153846154,0.38461538461538464,-1.7803196021594285,6.508180073878043
feature_158,0.08425958254431623,0.861498352416437,-2.8613350796701034,3.560510892774531,0.0,-0.4557844472142286,0.544215552785771,0.6782710383930248,4.847860807261664
feature_159,0.140643564212611,0.6760542296717321,-0.9186071649646042,1.8169469091903232,0.0,-0.42440320159977873,0.5755967984002215,0.5196634437552148,-0.5436410619601357
feature_160,-0.19141783232483406,1.1358407629773672,-4.063770513376762,1.5009341358315182,0.0,-0.5301696215183127,0.469830378481687,-1.560886982260339,3.133678085972437
feature_161,0.03509509108819253,0.6124480522813872,-1.0475504603982302,1.3145114549307664,0.0,-0.4714259246409245,0.5285740753590755,0.0598796150639489,-0.9190534740785834
feature_162,-0.13109565796387393,0.7993645284844579,-2.108241658107744,3.203639079562584,0.0,-0.7125839611486497,0.2874160388513497,0.9020806033718874,3.738398927991522
feature_163,0.04723056928261322,1.0548870015608494,-4.658202757552359,2.2140019906530273,0.0,-0.3719303113966692,0.6280696886033303,-1.2846112206192102,5.10691829590731
feature_164,-0.019159911569638918,0.869575209465092,-2.5217391304347827,1.565217391304348,0.0,-0.43478260869565216,0.5652173913043479,-0.41195663300668944,0.018135331020506573
feature_165,0.012029261403297678,0.9033933082037682,-3.408830488953034,2.431761214575461,0.0,-0.44391131920849836,0.5560886807915016,-0.3951239686141062,2.7488398352703953
feature_166,0.26049578965425046,0.8826063117619433,-1.8207509495655092,2.5880812906107065,0.0,-0.3319819665053093,0.668018033494691,0.7219066290651884,0.45774685451636943
feature_167,0.3387154582798497,0.9638050491552359,-1.4160082162694905,3.1884526000675706,0.0,-0.3091045488519951,0.6908954511480048,1.1831667744226975,1.05714051806246
feature_168,0.23541118888171753,0.7883848167884923,-0.9067282556913666,2.848912766721528,0.0,-0.3149210646320999,0.6850789353679008,1.4120879613354889,2.2485115938503633
feature_169,0.12963309012375998,0.8078329214624383,-2.5152590549121943,2.1346910496143927,0.0,-0.4563492736530083,0.5436507263469916,0.008068814465194953,0.9805183349104167
feature_170,0.178285445033828,0.9506747047119575,-2.63627169832228,2.7726355872596797,0.0,-0.4339362944476115,0.5660637055523885,0.3913130014745169,0.8616275461817109
feature_171,0.2636100011659117,0.8873674366851712,-1.8273045853156722,2.625647578230978,0.0,-0.32903565006059526,0.6709643499394038,0.7272563415936614,0.4744510323067894
feature_172,-0.2327683615819209,0.8944585948952928,-4.133333333333334,1.0666666666666667,0.0,-0.6666666666666666,0.33333333333333337,-1.4828698743632043,4.2576524508731834
feature_173,-0.005409722561237059,0.7948754757690653,-3.0152849804263986,1.9379996439986655,0.0,-0.5353325746223576,0.4646674253776432,-0.30125521717510356,2.6120313462064226
feature_174,0.2980567269353678,0.9241078391753342,-1.2212077257692735,3.1655181599631157,0.0,-0.29488221886150445,0.7051177811384955,1.0218648564932176,1.2285357132743284
feature_175,-0.19935419095890577,0.8587777396759444,-2.4514609648335064,1.098728192951265,0.0,-0.5629430413528757,0.43705695864712435,-1.0555040976400882,0.4464140380289674
feature_176,-0.1474824148321174,0.8265420600195903,-3.173290518578538,0.9675414235763145,0.0,-0.5785280569125275,0.4214719430874724,-1.3341503504442402,2.4380375284719387
feature_177,-0.0986939044567217,0.8783069994273716,-2.9473887670656094,2.62505951158105,0.0,-0.5358436136534166,0.4641563863465836,-0.3680088895358295,1.553887801208095
feature_178,0.09321032708765958,0.7051688323991285,-2.1537661243838957,1.8110434140279166,0.0,-0.40442768176229404,0.5955723182377062,-0.14582280208472895,0.6519620853728947
feature_179,0.009970089730807565,0.8456752119556453,-2.588235294117647,1.8823529411764706,0.0,-0.47058823529411764,0.5294117647058824,-0.5591930254498324,1.098565422968
feature_180,-0.021349638166153255,0.7054446583671914,-1.426789451853934,1.7248777745389425,0.0,-0.5330281389671514,0.4669718610328486,0.14763055097458486,-0.39234765175031816
feature_181,0.20232866746596315,1.0124944045604778,-1.8233545277826568,3.177588182985211,0.0,-0.3452323180525779,0.6547676819474215,0.7925629670345841,0.7394811835545139
feature_182,0.29558809245039525,1.105630636093921,-1.461824015923207,4.024534534785058,0.0,-0.32420178830192736,0.6757982116980724,1.3427137183713287,2.030017324477238
feature_183,0.24518267733193727,1.000798133189735,-1.1541700808995523,3.849984792504963,0.0,-0.4176034720148638,0.5823965279851364,1.7507933409343168,3.7094402121985457
feature_184,0.03163203787123169,0.8016238806747987,-3.2003593368116032,1.6112493533043395,0.0,-0.4809436676145117,0.5190563323854887,-0.7191920436929969,2.8919001356358143
feature_185,0.08424395034753761,0.9918266021872939,-2.8857288806868855,2.7238215449370102,0.0,-0.46143821554513076,0.5385617844548692,0.21237030689563266,0.8455956740242758
feature_186,0.20068119812923776,1.0178653113932052,-1.8364043080725871,3.193482992123005,0.0,-0.347482009530955,0.6525179904690455,0.7903684717458606,0.7422046583932329
feature_187,-0.008920606601248868,0.8101168226777832,-3.1578947368421053,1.4736842105263157,0.0,-0.47368421052631576,0.5263157894736842,-0.8336423246787094,2.4852527640877025
feature_188,0.0392107905638538,0.7945143526022148,-2.496395765259934,2.127921533121815,0.0,-0.5034915770917043,0.49650842290829555,0.08003653256980711,1.2164465580214134
feature_189,0.15469892014747955,0.9671584189121337,-1.3669169605098686,3.8891061169193057,0.0,-0.3783762339818578,0.621623766018142,1.7322733585375834,5.108799276115359
feature_190,-0.3381412263785374,0.9888702034285463,-3.057698520998096,0.9604038901562143,0.0,-0.7214597422672088,0.27854025773279123,-1.5793498410746787,1.8312085911864724
feature_191,0.013785198156235119,0.8016428626748049,-1.8072098528902918,1.6473564193232404,0.0,-0.45063844440802836,0.5493615555919715,-0.14364015009366568,-0.2482862443999947
feature_192,-0.06473865901751723,0.7594419195175285,-1.9008376223494166,2.546255013212455,0.0,-0.5712189234163482,0.42878107658365144,0.13553612863635742,1.3701712570538378
feature_193,-0.02404268352567127,0.7836227902998693,-3.2751272307825476,1.6158158499921853,0.0,-0.4920771367937726,0.5079228632062277,-0.9666910445553999,3.1426264502105496
feature_194,-0.004622496147919842,0.8569686210621943,-3.3636363636363638,1.6363636363636365,0.0,-0.45454545454545453,0.5454545454545454,-0.8892958471936028,2.363712329932092
feature_195,0.028105779487861627,0.6731655755399075,-1.5979662031824764,1.199230260056821,0.0,-0.4812559003666407,0.5187440996333592,-0.1936237430313697,-0.7230770038568499
feature_196,0.20749756813921516,0.9221468490075829,-2.088878847712083,2.9450549587721575,0.0,-0.3966656990310072,0.6033343009689932,0.9405453758323964,1.4653720755769486
feature_197,0.2927872709355663,1.0307489081644927,-1.6079878830773935,3.753759434259233,0.0,-0.3726333721700979,0.6273666278299019,1.545995279895464,2.5315573032601995
feature_198,0.2900586977842469,0.894989252851924,-0.8826907468232689,3.62470103969686,0.0,-0.27597468795734303,0.7240253120426574,1.8069017537243797,4.222723372471124
feature_199,0.038524647512555056,0.8639748678286624,-3.466499686222007,1.859465189191539,0.0,-0.41875618890803834,0.581243811091962,-0.6663969421748677,3.333150610543698
feature_200,0.18114099988722937,0.9968178407017644,-2.9921810808376144,2.851109066522314,0.0,-0.4235840538431326,0.5764159461568683,0.38798576799624984,1.5830995519099016
feature_201,0.20214696879221797,0.9185478984432869,-2.0853781427367433,2.937001945744138,0.0,-0.40152670965983395,0.5984732903401668,0.940895176698209,1.473383847720494
feature_202,-0.14124293785310735,1.246015706403636,-5.833333333333333,2.6666666666666665,0.0,-0.5,0.5,-1.669073687680982,6.208971181008296
feature_203,0.0767453731655611,1.0523938032488973,-3.540524496137922,2.805812129512727,0.0,-0.5116863648972635,0.4883136351027365,-0.018540148244432102,1.750357977127063
feature_204,0.18104948411776697,0.9281422916387687,-1.4404041728195316,3.128637727217117,0.0,-0.4651952700939792,0.5348047299060208,1.304720147616709,1.9430669929084958
feature_205,-0.2018617848865905,0.8428648539040218,-3.41177198761513,1.0371119248392002,0.0,-0.6699930867127998,0.3300069132872002,-1.7609922556657354,4.684659795606442
feature_206,-0.05611568155331124,0.8180451574907014,-2.238381836830482,1.4974792749289827,0.0,-0.4635715470388371,0.5364284529611629,-0.5164327774146863,0.19406262642499073
feature_207,-0.08832024203947329,0.949867680756949,-2.515373604804422,3.2921177087993825,0.0,-0.5514733055574685,0.44852669444253135,-0.006702565193102224,2.156394821853201
feature_208,0.002697692068554602,0.9107448765438746,-3.7572412406695306,1.6497074735994122,0.0,-0.5223649985947093,0.4776350014052907,-1.0657992241361751,3.3448275088941024
feature_209,-0.04449152542372881,0.8805101058695188,-3.0,2.25,0.0,-0.5,0.5,-0.6054943206732928,1.6083610038395806
feature_210,-0.03593918335880459,0.7537046815727715,-1.6643091873709048,1.3505201875443218,0.0,-0.4813427314256604,0.5186572685743396,-0.19387220783197107,-0.6692521960101758
feature_211,0.009327260793907959,0.594569461353464,-0.9617893605550278,1.508591657400436,0.0,-0.5338591028896589,0.4661408971103411,0.35324944448431883,-0.7700462040513467
feature_212,0.08851975166226003,0.6393435621161295,-0.7694698430378104,2.040109044459885,0.0,-0.47817267733260777,0.5218273226673923,0.7916408388843801,0.10676531954158008
feature_213,0.058032613484866,0.6927368993648744,-0.984584424800334,1.508596513410684,0.0,-0.5250211167660004,0.4749788832339995,0.438969175506212,-0.8067080542362355
feature_214,0.07369593494673647,0.7308895458699478,-2.047447988809172,1.9359862730511181,0.0,-0.4781726407480968,0.5218273592519032,0.11450248526496339,0.25264385314412596
feature_215,0.02355900415606059,0.6143243099794282,-1.281287422326037,1.5757843111551795,0.0,-0.48857233734192984,0.5114276626580705,0.2830176466051691,-0.5830296450280379
feature_216,0.009979566099114339,0.594133179356348,-0.9611258862983879,1.507619141223368,0.0,-0.5332737201807352,0.4667262798192646,0.35272522181458227,-0.7704335098634933
feature_217,-0.1977401129943503,1.0693797488901375,-5.5,1.6666666666666667,0.0,-0.6666666666666666,0.3333333333333333,-1.8669489715060503,8.168565920015658
feature_218,-0.06467430694202334,0.6284164140530567,-1.597175856276154,1.4042221338488297,0.0,-0.5827607873866683,0.41723921261333174,0.05303447130663367,-0.690743358192837
feature_219,0.002283532420099704,0.6773259713244081,-1.0108752911098613,1.2942762842937503,0.0,-0.6159593890841604,0.3840406109158399,0.4062059284561861,-0.7945587088853441
feature_220,-0.11911271943902765,0.6198346593471412,-1.5697683568760097,0.9486058987124967,0.0,-0.6395299855691291,0.36047001443087084,-0.46404389600632884,-0.5074810995116898
feature_221,-0.2036675907896423,0.7641062847514242,-2.295690640639802,1.0306472920047627,0.0,-0.7091175118957604,0.2908824881042396,-0.9655136775749118,0.6794467448491459
feature_222,-0.17826414065215906,0.7045778484828299,-1.8140340396741466,1.7228178469461144,0.0,-0.6366574486689947,0.36334255133100524,-0.10052442724110158,-0.2995113196796466
feature_223,0.04979041099691331,0.8421137012269739,-2.463998924799753,2.301278462406019,0.0,-0.5310446624094014,0.4689553375905986,0.22393761925679054,0.7259306690398386
feature_224,-0.08305084745762711,0.9012519620558124,-3.9,1.5,0.0,-0.5,0.5,-1.0996118290200723,3.7003541795780004
feature_225,0.061584264928897375,0.6462206605183777,-1.371778678344048,1.5154896072754451,0.0,-0.4048326612376002,0.5951673387623997,0.00035531531519892407,-0.5965507940528569
feature_226,-0.09152210881271017,0.6342767062694921,-1.0227638157334078,1.3121909390753181,0.0,-0.6565249615570377,0.34347503844296257,0.342071463357566,-0.7546083669970889
feature_227,0.012585297401917028,0.7039928379652568,-0.8250101951361611,1.893465096221243,0.0,-0.5950319395402208,0.40496806045977896,0.9135893084303077,0.37203774850453897
feature_228,0.022396537612916944,0.5968763141619844,-0.9443201992589504,1.404109555563137,0.0,-0.5223567255574746,0.47764327444252547,0.3718829551780252,-0.6613408496547173
feature_229,-0.08937304258401917,0.6429017955738913,-1.343096150301946,1.6806816350515137,0.0,-0.6117611545956564,0.3882388454043437,0.30557839387721125,-0.4456435508059262
feature_230,-0.10281484914822318,0.634573900888825,-1.0920993433793387,1.4430675394289227,0.0,-0.6402367833755822,0.35976321662441796,0.26297427843720406,-0.8257973068597755
feature_231,-0.09338575250228234,0.6342848811909149,-1.0253071594098577,1.3107818427026277,0.0,-0.6588379194432572,0.34116208055674274,0.3419676002417543,-0.754540453844017
feature_232,0.05084745762711865,0.8107849056139999,-3.5,1.625,0.0,-0.375,0.625,-1.1550672617084623,4.577408638364589
feature_233,-0.09013280879250181,0.6362213967227969,-1.3516161699022144,1.4309963278992537,0.0,-0.6485540974140793,0.351445902585921,0.2510238167148936,-0.7491949592490741
feature_234,-0.022218747963225108,0.6579328019846042,-1.089496853309435,1.4255148784055416,0.0,-0.6074206031473881,0.3925793968526117,0.30228642371542,-0.6914419845687441
feature_235,-0.07866208844631696,0.8154470941673995,-1.8700511308498096,1.1315495075596247,0.0,-0.4479472387359831,0.5520527612640169,-0.39927795556064877,-0.6661402628384425
feature_236,-0.09315180703787003,0.7797502518695848,-2.157521840961183,1.808959115209872,0.0,-0.6301208456454439,0.3698791543545562,-0.07501958673918138,0.10042006253476154
feature_237,0.08579975053213634,0.617755066719648,-1.319638887838032,1.3058692993880903,0.0,-0.3547249876390892,0.6452750123609106,-0.19230117647957776,-0.8377279225815517
feature_238,-0.04050466809740746,0.6549191584576921,-1.2658209394817193,2.0867059340493634,0.0,-0.576170452234591,0.4238295477654087,0.49812294063530566,0.3115473031618272
feature_239,-0.04745762711864405,0.9091541854659755,-3.3,1.8,0.0,-0.5,0.5,-0.8750868870090701,1.567031497765317
feature_240,0.05098679432003481,0.7759161239872066,-1.7229972387259946,2.197931013731755,0.0,-0.45973950500080113,0.5402604949991989,0.2050438589914875,0.239897893438779
feature_241,-0.16472097788468046,0.770030659962094,-2.570697619582175,1.6325908195015908,0.0,-0.6664858188157565,0.3335141811842439,-0.7275694236157557,0.699111740942965
feature_242,-0.11193211086228932,0.7345439150976987,-2.033461149596552,1.9323118682166327,0.0,-0.6457138534942597,0.3542861465057402,-0.23752878039123948,0.3217545911399773
feature_243,0.010983647707365046,0.8288519366936744,-1.8701769222388,1.4939959347245793,0.0,-0.39856530212093716,0.6014346978790625,-0.30181253212976644,-0.23448941632208786
feature_244,-0.20830418543414145,0.8060127894732462,-3.7178027190763414,1.1785277152591789,0.0,-0.693119882424591,0.3068801175754089,-1.514174240885577,4.131966302587199
feature_245,-0.20420833215390316,0.8254619981861466,-3.383818535879425,1.618720006628415,0.0,-0.702132191465997,0.29786780853400296,-1.1076754682750618,2.304027277850934
feature_246,-0.16161725144587016,0.7728430865366678,-2.57855625085416,1.6374144240146353,0.0,-0.6640881927629011,0.3359118072370989,-0.7319276779802248,0.6989590314311931
feature_247,-0.0358923230309073,0.849264392693898,-3.5294117647058822,1.5294117647058822,0.0,-0.4117647058823529,0.5882352941176471,-1.0461504566713944,3.047003644170732
feature_248,-0.10392310710823838,0.6550165962555854,-2.7289276283264177,1.0478038886944683,0.0,-0.567523539018103,0.4324764609818967,-0.9712428582264235,2.333141971364384
feature_249,-0.06008044090043162,0.6376591575578087,-1.4147513720192149,1.1034584916985328,0.0,-0.6068847174837282,0.39311528251627176,-0.07150559355227307,-1.0191175508112085
feature_250,-0.07341927384474321,0.6474354435795499,-1.1423113511345973,1.1626686971781426,0.0,-0.7008963659623336,0.2991036340376659,-0.03484406339866774,-0.9421550032180108
feature_251,0.06334183250559297,0.7041914017625277,-1.8473808882444482,1.4376342350358347,0.0,-0.3928722486174996,0.6071277513825004,-0.24046174574827603,-0.2496927888888636
feature_252,0.09153730606880968,0.8338150849555306,-1.2570434166526137,3.5276958280748927,0.0,-0.4804244894342908,0.5195755105657087,1.19027180249719,3.013689293090353
feature_253,-0.23683059246721916,0.7991728944286517,-3.3976056115939346,1.243194726098795,0.0,-0.7325322741779033,0.26746772582209694,-1.0178180743910568,2.3343354362743627
feature_254,-0.01836158192090395,0.744734782069337,-2.4166666666666665,1.4166666666666667,0.0,-0.5,0.5,-0.4626187512915565,0.5227357655505571
feature_255,0.1323495833823262,0.7936754254352799,-1.6402065376328154,2.131088225077853,0.0,-0.3644467051238103,0.6355532948761897,0.23087945046031494,-0.37096769776590044
feature_256,0.10434044863532908,1.200271925245291,-2.9503512120940822,4.366518514621894,0.0,-0.5174687528547834,0.482531247145217,1.1078350647827815,3.0120292543916616
feature_257,0.206369993511358,1.347094852299982,-2.3472879473021506,5.714073342447396,0.0,-0.4999559064284728,0.5000440935715271,1.9412306986349963,5.319090662052899
feature_258,0.06611311551526015,1.1531668052216997,-1.4022958165031183,5.152392083365501,0.0,-0.6716123615042103,0.32838763849578945,2.7754698991037445,10.102279509259352
feature_259,-0.0029169946999233042,0.9108372653605749,-4.04953323056091,2.0894864899626655,0.0,-0.45702532362339954,0.5429746763765999,-1.0458421456228986,5.030938274441603
feature_260,0.04771263619978562,1.0484890307477843,-3.600201211093716,3.0704990228022506,0.0,-0.5000829925939592,0.4999170074060408,0.1051511442426125,2.289901834046785
feature_261,0.10249430166209646,1.19150210165254,-2.9306047898620644,4.3329480673340655,0.0,-0.5168783613368914,0.48312163866310864,1.110118249922123,3.0226363240617173
feature_262,-0.05530776092774311,0.7098023026000501,-2.736842105263158,1.263157894736842,0.0,-0.47368421052631576,0.5263157894736842,-0.8875561544704755,1.7396345096634915
feature_263,-0.16849628376255224,0.6887825751336268,-2.993712225929696,1.287927402249422,0.0,-0.7212192558845283,0.27878074411547205,-0.8656498082385354,3.0747533216595855
feature_264,0.14289194523925217,0.9922984281291416,-1.2901769664055698,3.7682303894383753,0.0,-0.5069034708760942,0.49309652912390584,1.5423032005635133,3.8022655738554434
feature_265,-0.39077744249522217,1.2861147884129,-6.096193601193831,1.049033578068423,0.0,-0.703502195810108,0.29649780418989224,-2.8960173806960747,10.372956348448021
feature_266,0.022058758303449933,0.8248104857977856,-3.378823196078189,1.9430463748742968,0.0,-0.433154709902685,0.566845290097315,-0.9234700585170614,3.328930950488144
feature_267,-0.09995989931625308,1.02235705655093,-2.502554758383122,4.338633869171435,0.0,-0.6126222252192761,0.38737777478072455,0.9775832485691742,4.562509207267354
feature_268,0.035950919800241114,0.8791710421531,-3.6802766789374957,1.8682665570365689,0.0,-0.5103857130110334,0.48961428698896636,-0.8969748738311645,3.701687475907984
feature_269,0.06422836752899189,1.0442155889550488,-3.789473684210526,2.8421052631578947,0.0,-0.47368421052631576,0.5263157894736842,-0.46561105290930305,2.1935053468000554
feature_270,0.0033646108672509504,0.8142246304732058,-1.6136815212012086,1.4762841967360547,0.0,-0.5094143596413412,0.4905856403586589,-0.0015003092680270413,-0.6214253389485935
feature_271,0.25765138733850934,1.2175318231509549,-2.542087335452778,3.7844896036830504,0.0,-0.4088387056101603,0.5911612943898392,1.0780762087643647,1.4097244807457665
feature_272,0.3736527563385167,1.3829015767834911,-2.0067615590894348,4.837335757963735,0.0,-0.3901231947285235,0.6098768052714765,1.5987983655082583,2.2883174528433106
feature_273,0.23585962860276802,1.3282898967065753,-1.2374801207958777,4.792290291190687,0.0,-0.595385818264495,0.40461418173550495,1.7654847326950875,3.1086909393478654
feature_274,0.07233053979596638,0.8951958846742656,-3.720655781408676,2.5713601451816,0.0,-0.41746957595220024,0.5825304240477998,-0.7643653184554119,4.4208207127810235
feature_275,0.23321425227664497,1.158175466091651,-3.5102233567490475,3.657008732574083,0.0,-0.42790417949629544,0.5720958205037046,0.43790230737761693,1.964041294159263
feature_276,0.26173670802812915,1.2225469364341686,-2.548574188416396,3.7996559228457887,0.0,-0.40503433343539397,0.5949656665646054,1.0771192575568513,1.4088872744318328
feature_277,0.013182674199623351,0.8447330128815744,-3.4444444444444446,1.5555555555555556,0.0,-0.4444444444444444,0.5555555555555556,-1.1226847634539647,3.3013819941187874
feature_278,0.16730616486200345,0.9375737752923705,-3.0661030281402804,2.490625308488424,0.0,-0.3788856985354496,0.6211143014645504,0.06560205407855788,1.7761172353042545
feature_279,0.1716603643591276,0.8237270210281403,-0.9993139593041899,2.4954846933758605,0.0,-0.44398048525846456,0.5560195147415353,1.3604681186216914,1.561444850425607
feature_280,-0.023900144254052028,0.8503846481057694,-2.9770418522760536,0.9655373688141682,0.0,-0.387664141487761,0.6123358585122389,-1.5125737313408374,2.7967996534156683
feature_281,-0.018471174273756157,0.8164400440309365,-1.4366875541031712,2.6867788541336792,0.0,-0.6166809790995048,0.3833190209004952,0.589827941991809,0.76566435783031
feature_282,-0.08105287629349918,1.0072587425958703,-2.760939548566701,3.745325025260335,0.0,-0.6296391512017075,0.37036084879829273,0.40573392300372507,2.5987057955813153
feature_283,0.004633648948134638,0.7510803227091826,-3.151623511708065,1.9465316951406066,0.0,-0.4950429580276702,0.50495704197233,-0.8214040440637247,3.982535234605531
feature_284,0.05600589535740606,0.7519181135851901,-2.1739130434782608,2.260869565217391,0.0,-0.43478260869565216,0.5652173913043479,-0.15240440165170607,0.7847672699960739
feature_285,0.5128052116547945,1.2781974939751424,-0.7801149256722633,6.074194793014891,0.0,-0.313415279722983,0.686584720277017,2.058488577770996,4.799440117038882
feature_286,0.12117755957618923,0.8091290785991322,-1.7084866907589988,1.8978181384295836,0.0,-0.38176427124859097,0.6182357287514092,0.3130975009070972,-0.3314009335200039
feature_287,0.0014604801420073244,0.593501684715123,-0.8474565659834296,1.41575457167851,0.0,-0.5358246983770749,0.4641753016229251,0.45950969872598707,-0.6873849709710282
feature_288,-0.034720818735683966,0.6486799642951221,-1.1800302235809237,1.5924958324930445,0.0,-0.5209059573639416,0.4790940426360585,0.008729164796325123,-0.6839586466367797
feature_289,0.04160663509393227,0.9274003663132773,-2.1700068983553624,2.7379853856675913,0.0,-0.5225018011153469,0.4774981988846533,0.42323211184568144,0.46404857427251045
feature_290,0.1643429396406369,0.9305839695837769,-1.261656460637753,2.949002550323788,0.0,-0.4228627036672892,0.5771372963327108,0.7463814346345798,0.23274415922411684
feature_291,0.2982456765492591,1.031689637628274,-1.8414682752717437,4.116169811558595,0.0,-0.3566162791973391,0.6433837208026614,1.381273452612662,2.3896386949499524
feature_292,0.019015555516090958,0.7234854328538644,-1.153836883912176,2.079136844020481,0.0,-0.5797750727096876,0.42022492729031224,0.7345157600413292,0.42862714864597695
feature_293,0.37800868362818013,1.8896201876989378,-1.019156309060089,11.168160783139404,0.0,-0.46558674847834425,0.5344132515216558,4.316714586585831,19.975323225698936
feature_294,0.5952243956455324,3.6055734068050524,-0.9115804631578845,26.840650632449375,0.0,-0.5311383193979329,0.4688616806020669,6.589315944737031,44.696501103116915
feature_295,0.13906545861462183,0.9753004960549706,-1.369336154728379,4.016994889402428,0.0,-0.4571712494778051,0.5428287505221951,1.4655500577490925,2.940138746351759
feature_296,-0.14713465573837314,0.6900144370724132,-1.727426755703,0.8939547672811423,0.0,-0.6342078127958959,0.3657921872041039,-0.6721291849731156,-0.47021165633380724
feature_297,0.10880551300065566,0.7377587861938015,-1.3805609546624233,1.7388967273019913,0.0,-0.35715204282516644,0.6428479571748329,0.016161674208291215,-0.3214882653024147
feature_298,0.06471494607087822,0.7505987426470057,-1.6363636363636365,1.4545454545454546,0.0,-0.36363636363636365,0.6363636363636364,-0.25568069843277685,-0.4290201324337666
feature_299,0.6059854114472372,2.402746556291401,-0.5492242826432598,16.96047318294865,0.0,-0.35410235338093277,0.6458976466190669,5.518911407739615,33.76675755402948
feature_300,0.3168743281740787,1.2044824487650776,-0.8678215331875461,5.8906632035169055,0.0,-0.38974995568342097,0.6102500443165788,2.551214193738119,7.801408077553809
feature_301,0.1897387815674393,0.7432573750045541,-1.0207621758896221,1.9252176463477975,0.0,-0.3293034563864907,0.6706965436135092,0.5565667178451663,-0.5360997049707841
feature_302,0.014154870311521153,0.6264328457722673,-0.8363830854631301,1.6242133840057422,0.0,-0.5706035774935223,0.4293964225064778,0.6490853240825187,-0.26285713181151404
feature_303,-0.1165576060824702,0.5719958659135754,-1.210981926120613,0.8616468385232009,0.0,-0.6271770864167685,0.3728229135832315,-0.21883822479108175,-1.2153131404464326
feature_304,0.040030757391351986,0.7257935907480942,-1.6139373834471726,1.9087274707553488,0.0,-0.5003517701235802,0.49964822987642005,0.17687065903510552,-0.2906726290946269
feature_305,0.2881545212577793,1.297859271128432,-1.543556709825495,4.26937300085806,0.0,-0.5152781032054101,0.48472189679458966,1.3022585218798894,1.192106208680321
feature_306,0.29106291975106635,1.0366395696626796,-1.9390391443796677,3.411784196971922,0.0,-0.28234783331604635,0.7176521666839537,1.0457285433984422,1.1718107197806953
feature_307,0.08754861556359383,0.8142571403293334,-1.3341234031213303,2.9681084474231074,0.0,-0.45419831209639894,0.5458016879036012,0.7990799105241142,1.2197814398451339
feature_308,2.307830903703873,11.934624960278889,-1.3980978236484796,79.34974054473633,0.0,-0.5257338747608915,0.47426612523910827,5.526507737562674,30.202248903989144
feature_309,2.125648051416402,12.235943565056797,-0.8855637284165578,92.01851544033403,0.0,-0.4327743584726984,0.5672256415273016,6.815698677264706,46.55812824721883
feature_310,0.045447663845326516,0.9361090772934823,-1.432319510003615,3.609710814040751,0.0,-0.549570705739352,0.45042929426064826,1.4598237359660973,3.860483418183388
feature_311,-0.326605826720668,0.8320898347625327,-2.7343326016025946,0.8770055097780726,0.0,-0.7938856356762412,0.20611436432375924,-1.0330160046389896,0.361281981951203
feature_312,0.0775449908904602,0.7772679484136338,-1.825181298460457,2.033542724729528,0.0,-0.3574342546339971,0.6425657453660025,-0.029861885103949503,-0.08539064908913652
feature_313,0.28474576271186447,0.7065825030868556,-1.6,2.0,0.0,-0.2,0.8,0.36991796190461335,-0.1707809958692037
feature_314,0.6222436333469944,2.3129679207884353,-0.6477385745219972,15.103515854886714,0.0,-0.37824382799159173,0.6217561720084082,4.715398295466384,24.839128604280326
feature_315,0.1892252457724067,0.966685033166766,-1.3467980392854701,3.152615928386675,0.0,-0.5333649700465397,0.4666350299534603,1.055521321521778,0.750503705343367
feature_316,0.0375849561780775,0.7086597767966157,-1.259429063213346,1.5964598577617686,0.0,-0.5026979140134872,0.4973020859865131,0.2650415894594584,-0.6450456592089022
feature_317,0.0029204962134708984,0.592952258704544,-0.849965740746326,1.5843185630446357,0.0,-0.5385266822597007,0.46147331774029926,0.4604367970696301,-0.6173371181859162
feature_318,-0.1256403692015244,0.5730997034011082,-1.3187266797110972,0.8445431149892525,0.0,-0.6425815499087446,0.35741845009125517,-0.25921682961211323,-1.0924320414861137
feature_319,0.01527129072299632,0.6188757181634122,-1.6065635638828004,1.915109301585061,0.0,-0.49297080953258127,0.5070291904674189,0.3058563482580603,0.39321179849922494
feature_320,0.15417548537623008,0.6383211730251166,-0.8608068274485507,2.434090237732989,0.0,-0.29685762225698153,0.7031423777430185,0.8414122064429896,0.9370671676160875
feature_321,0.2101108242381479,0.963769413025843,-1.584825426423277,4.259180087157713,0.0,-0.4231992803515136,0.5768007196484863,1.5937408288849226,3.8546695280250853
feature_322,-0.0219469266217695,0.7641453318026002,-1.2981050820963649,2.289571768727488,0.0,-0.6031433506815751,0.3968566493184249,0.4261718856437432,0.05358357234441602
feature_323,2.272823599159472,11.229529287153081,-1.2507660211891696,71.88281443972383,0.0,-0.5283451835104298,0.4716548164895703,5.277247463527529,27.251866220151616
feature_324,1.9993182119965143,11.266440038275023,-0.882673794730308,85.79540297649592,0.0,-0.31119310484632234,0.6888068951536777,7.011490731505367,48.92883949186079
feature_325,0.11443153771772047,0.701133362518554,-1.230108584483796,1.9803101169381223,0.0,-0.3804927704998293,0.6195072295001707,0.46507817709808513,-0.4324706804865581
feature_326,-0.04351178950925339,0.7395776869087276,-1.7288341449651348,1.5919510337023746,0.0,-0.510214767213399,0.48978523278660113,-0.22344568264291775,-0.2790500278135917
feature_327,-0.041859857590978995,0.8162478609651076,-1.836352848538146,1.7200860123458388,0.0,-0.5652965329689745,0.4347034670310254,-0.028695888547746004,-0.5056379628768712
feature_328,0.2576271186440679,0.6452442422415987,-1.2,1.4,0.0,-0.2,0.8,0.272939297724613,-0.7281414427890698
feature_329,0.46580995439348905,1.2168324837754725,-0.5991448481712697,5.085038461057924,0.0,-0.29441683959212683,0.7055831604078731,1.9112329819474743,3.225979616769787
feature_330,-0.005502525847918728,0.6995378522288606,-1.4886387303150588,1.7834178510275567,0.0,-0.6334416202990045,0.3665583797009955,0.37498651639303127,-0.14108679909210542
feature_331,0.17456029211423868,0.674423536524515,-1.0558719160135248,1.5581949673393312,0.0,-0.33270410393013006,0.6672958960698699,0.29028181813289167,-0.8577777111826475
feature_332,0.07423610177837116,0.5931343695221379,-0.7303001444226682,1.75160680012481,0.0,-0.4857349192116524,0.5142650807883475,0.5384409386374859,-0.37151994971125246
feature_333,-0.07660023862147806,0.5361289915569516,-1.0546893225251988,0.97121050067054,0.0,-0.5891939632162915,0.4108060367837083,-0.09288028230922002,-1.2728750836061187
feature_334,0.11522828679007231,0.6560899914022291,-1.5771088953861063,1.6705319053345156,0.0,-0.28998911503584324,0.7100108849641569,0.15405065730091158,-0.28118894130611327
feature_335,0.1787219826397062,0.6588934974070938,-0.7888632645081483,1.9675269403027598,0.0,-0.3845999041297108,0.6154000958702894,0.8015103967274833,-0.28093661416800675
feature_336,0.20538058916895519,1.2323194974142324,-1.9903228360152891,3.7916843490399814,0.0,-0.4448584953180472,0.5551415046819531,1.1065461365472267,1.1257049083428257
feature_337,0.06205618273314877,0.8324317380928381,-1.4187896830912323,2.4214795278399657,0.0,-0.503189177825127,0.4968108221748728,0.7616103229432815,0.45147750346571325
feature_338,1.3297233932287857,6.068744489032871,-1.0848011056038294,36.5440402323559,0.0,-0.45556484701154376,0.5444351529884566,4.87747734415145,23.255241640637294
feature_339,1.721426012756009,8.654460759280335,-0.4812699190914019,65.05276119309413,0.0,-0.20187150410522126,0.7981284958947787,6.73450711012938,45.78326237737325
feature_340,-0.14073324867487796,0.8413714242656453,-2.0422464925368744,1.6097105143506294,0.0,-0.6405984383110952,0.35940156168890486,-0.26945846653574834,-0.38428574753798506
feature_341,-0.15505879264448652,0.7675697844644855,-2.355492776726226,1.1498935072844834,0.0,-0.5694475407934126,0.43055245920658736,-0.7700700723194092,-0.020042934724992634
feature_342,0.1315381187317058,0.7881541894040506,-1.7620187810354486,2.0287226264690803,0.0,-0.36929419884154074,0.6307058011584592,0.17804965461779174,-0.1452044415157685
feature_343,0.4455205811138015,0.7736068008800333,-0.5714285714285714,2.0,0.0,0.0,1.0,0.788007793789138,-0.7355993885181933
feature_344,0.31402496453734685,1.1376862095103628,-0.766303132365945,5.602914555739283,0.0,-0.385951117619012,0.614048882380988,2.4045152222655024,7.306684641447596
feature_345,0.18604493965716842,0.9110826501751325,-1.1023877049749902,4.150299024646735,0.0,-0.37944885225830227,0.6205511477416976,1.5338309313380039,4.273693586614581
feature_346,0.16222003196401028,0.730946819024998,-1.058984200841903,2.1170568537115777,0.0,-0.3760484639952151,0.6239515360047847,0.832068823686944,0.38745131672175814
feature_347,-0.03379893899943377,0.6917734822848384,-1.0268125709836284,1.6389505869097571,0.0,-0.6377103620928952,0.3622896379071046,0.3267023576840609,-0.8220175252897279
feature_348,-0.1289025579916193,0.6404132046954565,-1.5805607592597026,1.0572287727791456,0.0,-0.6570376292663298,0.34296237073367036,-0.15687233400277545,-0.7473277921929671
feature_349,0.23087141502594086,1.0469633459947743,-1.8277588594976288,4.835000712332692,0.0,-0.3544379957118535,0.6455620042881467,2.047686434359436,6.7025013779415055
feature_350,0.17520092841133095,0.6599318827313901,-0.6682256490197024,2.0476696815682813,0.0,-0.36667596587315765,0.6333240341268421,0.9430905831564496,0.27813541540374453
feature_351,0.6202001006213371,2.740488439519957,-2.3752076701192197,14.140203052178952,0.0,-0.40172566211654276,0.5982743378834576,4.027552302918469,16.65696806090059
feature_352,0.15982630445808055,1.0640478728855487,-1.2439400348923957,5.086578852196624,0.0,-0.49025188130089825,0.509748118699102,2.1372750373767677,6.588053455275668
feature_353,1.349596494652312,5.330327464146429,-0.9648176563911142,24.49959930191112,0.0,-0.4930092888067594,0.5069907111932408,3.7110417167518923,12.443778672217029
feature_354,1.1481337989799147,5.952106531365253,-0.9300870548933609,44.862044203999254,0.0,-0.4174735494928856,0.5825264505071143,6.748206730169704,46.36072489874131
feature_355,-0.021482356727540477,0.7456377831155049,-1.4875208250052108,2.558461186895298,0.0,-0.5683660473661684,0.43163395263383164,0.6270401276881921,1.3574467239237
feature_356,0.005872422597344918,0.8740813968608501,-2.3716653066358573,2.7249439496438757,0.0,-0.533958727982091,0.46604127201790907,0.2360170066932599,0.9774587107461725
feature_357,0.0635385716528415,0.862184318411934,-1.6065883196626525,3.2341635746731137,0.0,-0.47780382107411945,0.5221961789258817,0.9417194382493972,2.139357943473974
feature_358,0.03147699757869249,0.6711259926170487,-1.4285714285714286,1.8571428571428572,0.0,-0.5714285714285714,0.42857142857142855,0.48904668509365296,-0.11239056380689094
feature_359,0.2796562395045489,1.1039247084386175,-0.5942011875797915,6.682249560009073,0.0,-0.40264000349482953,0.5973599965051706,3.600329719614045,17.144891698862736
feature_360,0.13022330485837685,0.8448941124168362,-1.351751807862233,3.2559084856511564,0.0,-0.439794534118198,0.5602054658818021,1.1169880422065885,1.8227711466338512
feature_361,-0.00022160895294166932,0.6871456531434068,-1.2079464946995435,1.4833398854765312,0.0,-0.4853426371313091,0.5146573628686909,0.05901940016616083,-0.965529204657035
feature_362,-0.010799718599292144,0.6695011620343343,-0.9527510526986632,2.136891187500977,0.0,-0.5760790782796793,0.4239209217203206,0.8828403261492784,0.6551794779435944
feature_363,0.011245243922220347,0.5746400552603651,-0.9492197544106418,1.1057714842975332,0.0,-0.4571562039268797,0.5428437960731205,0.06697598553964605,-1.1689615884899407
feature_364,0.16805545304964215,0.6710034491529028,-1.4889092339958823,2.1956952410370323,0.0,-0.34639833294343364,0.6536016670565665,0.5204830156598237,0.32319502564741853
feature_365,0.06133146456502273,0.8356048324612767,-1.1942595611448317,3.336665416907833,0.0,-0.5538428133296489,0.4461571866703511,1.264170495859364,2.6331439395992895
feature_366,0.17518684985150765,0.9191544326326084,-1.5681276134982003,2.356336772187179,0.0,-0.4432821465023447,0.5567178534976553,0.7523494375753645,-0.015299665167077148
feature_367,0.11754013738787525,0.7261456626284223,-1.2253361336126924,1.846437589365895,0.0,-0.3757320003634722,0.6242679996365279,0.3842295317878442,-0.4110439102614931
feature_368,0.7789648473009082,3.650161317419351,-1.204559107198038,22.345277712704664,0.0,-0.5112420782405079,0.48875792175949184,4.781100928028042,23.105161405165628
feature_369,1.1000933528830665,5.876598774448917,-0.7573328367696482,44.41759294385942,0.0,-0.36204819463859106,0.637951805361409,6.845119534864628,47.1421722292993
feature_370,0.10897685267560078,0.740982237629061,-1.4429417838858383,1.9512598728553079,0.0,-0.44751038536945353,0.5524896146305465,0.4995349381550924,-0.1361549284959671
feature_371,0.009163440908612805,0.6107271099511515,-1.1046430723020357,1.3063955264072176,0.0,-0.48681815209985957,0.5131818479001401,0.05196813679855227,-0.7877679635834616
feature_372,-0.005712439323158379,0.7397080537800315,-1.9356915541044861,1.85068493711259,0.0,-0.537899333372921,0.4621006666270801,-0.032677214787675345,0.21822813313020806
feature_373,-0.01937046004842614,0.5309237800935882,-0.8571428571428571,1.0,0.0,-0.5714285714285714,0.42857142857142855,-0.023892835123628036,-1.098846040708636
feature_374,0.30523665777547115,0.9860188710027684,-0.6442652910332632,4.441910139156278,0.0,-0.40064804259690845,0.5993519574030917,2.063297455746344,4.842191016705515
feature_375,-0.011053729558340039,0.972625048979564,-2.0914387820899116,4.239586897188887,0.0,-0.5781521241307127,0.4218478758692872,1.2357451394395471,4.61137922774519
feature_376,0.0623699046850371,0.7143229029692746,-1.5286602358168484,1.732721662005121,0.0,-0.4377184117823064,0.5622815882176933,0.1753335570129528,-0.5609442142510286
feature_377,0.1202422822088222,0.8109682976200616,-0.9326344283726836,2.638044639332682,0.0,-0.48158078421516254,0.5184192157848374,1.1459825274317905,1.1368443126333316
feature_378,0.002155808823910933,0.684647937533606,-1.3796926290631046,1.9335706903373346,0.0,-0.4775651674979354,0.5224348325020647,0.14951606980879717,-0.3391693516736827
feature_379,0.1540276747386785,0.8100009611869886,-2.001523481512867,2.481530584426953,0.0,-0.4166718620973876,0.5833281379026124,0.5046262352012715,0.9396329368309027
feature_380,0.17142284403890817,0.82454221754516,-1.2961222836654274,2.492284090344811,0.0,-0.42847823306723215,0.5715217669327679,0.6102243862369596,0.026061796968082085
feature_381,0.39100467075756495,2.3658361788564455,-2.2385118158935735,12.598908201698025,0.0,-0.43954637779349537,0.5604536222065051,4.506521334282068,20.44099338378706
feature_382,0.08386453655202161,0.9279561400690278,-1.0816744269514227,4.714946815738458,0.0,-0.5411821884927656,0.45881781150723444,2.2833402295767646,8.565687006563971
feature_383,1.345852104038402,5.620902727940278,-1.06783420822823,31.074399218784436,0.0,-0.30031279367685526,0.6996872063231447,4.835927126354956,22.318310080746
feature_384,0.5754327473232408,2.731544219315225,-1.3792940379800636,13.625572531939888,0.0,-0.5392324170438818,0.46076758295611836,3.7719852120773725,14.236242852340219
feature_385,0.09872665469460475,0.8333273282531471,-1.3372330151643308,3.0204545737392117,0.0,-0.4872161819224844,0.5127838180775157,1.2387611557868876,2.077389282752198
feature_386,-0.146303432609634,0.8351747943164746,-2.2755030266983387,1.8344273591270175,0.0,-0.6734143428248791,0.3265856571751213,-0.3957532338435179,0.18352037510660724
feature_387,-0.10748728164836809,1.101954269130664,-3.1722323668543346,4.068172224732207,0.0,-0.6691932347318263,0.3308067652681732,0.5919271321278708,2.8614369266892803
feature_388,-0.09244992295839756,0.5723937017259386,-0.9090909090909091,1.2727272727272727,0.0,-0.6363636363636364,0.36363636363636365,0.19541858570184295,-0.8588766628859483
feature_389,0.2245583804483172,0.9470353817555512,-0.7811428373582479,4.4296049846542225,0.0,-0.3862786204952985,0.6137213795047016,2.400362506196098,7.5099313290101914
feature_390,0.24781711129817807,1.120591593927412,-0.8073864298741628,7.0692366709376975,0.0,-0.41307679171146094,0.586923208288539,3.9081743553406167,20.637137613538272
feature_391,0.06438143422536613,0.586514556587862,-0.8644523144109358,1.2287315847051237,0.0,-0.5011667603684122,0.49883323963158804,0.18673267919785777,-0.9793915195362959
feature_392,0.14615334521464488,0.9111322551323957,-1.457711063645402,2.6557868123569266,0.0,-0.4530659532296224,0.5469340467703774,0.8389048084790524,0.4393742082947427
feature_393,1.5846239807029374e-05,0.685360364762955,-1.3151773344843343,1.229445130596819,0.0,-0.5372031865811303,0.46279681341886963,0.08516066311988549,-0.9501325517447614
feature_394,-0.04282807903536724,0.7543665586463262,-1.9561793957515334,1.7474740691788433,0.0,-0.630796996030468,0.369203003969532,0.32270872750731006,-0.12021934293782177
feature_395,0.09002292939814303,0.7718226255520931,-1.2215093315224197,2.252883101129057,0.0,-0.47396557298341235,0.5260344270165873,0.6620303735288737,0.2542651252242112
feature_396,0.4576957586301268,1.862590337762045,-1.5857499262601606,9.746356695840811,0.0,-0.2845808872251907,0.7154191127748095,4.073964614313293,17.542382296039445
feature_397,0.22519950573353956,1.2762070037267383,-1.1585404003708564,6.2080466095557885,0.0,-0.47623459216893965,0.5237654078310605,2.794360449652535,9.64645052567659
feature_398,0.8986638193943253,3.6112493229917355,-0.8514262599252344,19.989454243901147,0.0,-0.36768256693901114,0.6323174330609886,4.617659657698474,20.818987504338825
feature_399,0.6886614095136238,2.2143099352073157,-0.6272707670568939,12.06624393393653,0.0,-0.23153069053994335,0.7684693094600566,3.7308088718100643,13.907749595212852
feature_400,0.1741531597519874,1.147878489142633,-1.788208771474599,6.974707370136658,0.0,-0.4303548726823089,0.569645127317691,3.419219356033745,18.327331480532756
feature_401,-0.1123900842633935,0.782454123273078,-2.1144149863283634,1.1763103238722021,0.0,-0.5147192405658483,0.48528075943415155,-0.637742771238315,-0.2643855327813349
feature_402,0.1320648139153609,0.977365626625288,-1.706839552973915,3.779591355934494,0.0,-0.45678000947778075,0.5432199905222193,1.4466281754988066,3.9155023598964913
feature_403,0.1059322033898305,0.8364110550624847,-2.0,2.25,0.0,-0.5,0.5,0.37611062324803796,0.07801517258182056
feature_404,0.593686812541382,2.2504004132366906,-0.6464325878914521,16.122449766537898,0.0,-0.27536354643413985,0.7246364535658602,5.6622619651425286,35.62997481201599
feature_405,0.12440959917318643,0.8243682919822293,-1.357491502730258,2.410266717818248,0.0,-0.5005862900861698,0.49941370991383005,0.7633979060677989,0.4160211809854717
feature_406,0.07386414179327577,0.6306498266224476,-1.0237253797548505,1.428765157216145,0.0,-0.4491778569100878,0.5508221430899122,0.19069257902634845,-1.070598772699726
feature_407,0.04224116168435609,0.6286408598930295,-0.8690472781131492,1.6017700626359876,0.0,-0.5329451343054628,0.46705486569453697,0.5766498315214112,-0.497200443262825
feature_408,-0.04642796061364427,0.6224194204911468,-1.3585869274898597,1.1340422028942203,0.0,-0.6024259447772478,0.39757405522275213,-0.06550787985581621,-1.0026799465352838
feature_409,0.058068670919443996,1.0066240038281278,-2.6705631569117836,3.8964133542341353,0.0,-0.5244756772388864,0.47552432276111356,0.9211113865570562,2.7560684236970294
feature_410,0.08483775159252425,0.7666789474435259,-1.224560164275874,2.6317502676346134,0.0,-0.4854904519451554,0.5145095480548445,0.8552053312609627,0.9986813264991055
feature_411,0.18417892734834398,1.0839107465801832,-1.9989580598166425,4.8341051349201045,0.0,-0.45118793975382565,0.548812060246174,2.032912849592014,6.396982067390352
feature_412,0.06653928078466126,0.8791310370876517,-1.2382989410699308,3.5782052489866407,0.0,-0.5966863821089747,0.40331361789102516,1.2047622353120184,2.793170809654878
feature_413,1.48225416813721,6.442203226719432,-1.280790162103676,37.92977760518725,0.0,-0.6042563578871453,0.3957436421128543,4.2868132901389675,18.590871592233796
feature_414,1.907319718786901,10.511157938286896,-1.1876879496223545,79.62556011569767,0.0,-0.4811985070299138,0.518801492970086,6.8883942485212755,47.71160480969141
feature_415,0.11045467196784124,0.8497623449092797,-1.5094203637003818,2.16644682688027,0.0,-0.4759015105354564,0.524098489464544,0.5738024305451691,-0.16990325700089182
feature_416,-0.07176386734371157,0.8886396041126952,-2.6632219695866923,1.7821321135993529,0.0,-0.5634159238443657,0.4365840761556343,-0.280486210703227,0.04005244056942647
feature_417,-0.04864109099471401,0.7555540414461968,-1.6345227515713996,2.3220056896427126,0.0,-0.654021064432323,0.34597893556767706,0.3902742009777259,0.606861682542537
feature_418,0.19322033898305085,0.5751534524138875,-1.4,1.2,0.0,-0.2,0.8,0.055319027012277304,-0.6023198697433281
feature_419,0.41037802126677464,1.318133922674494,-0.9112551749384417,5.8839027302006315,0.0,-0.39844800562150356,0.6015519943784965,1.986510211862495,4.226772883970989
feature_420,0.00029267507712748734,0.65235919294099,-1.5328041282419436,1.2999137204917983,0.0,-0.5339608584312286,0.4660391415687715,-0.03804790514257065,-0.7544225666804154
feature_421,-0.08627799919290556,0.6886431025016159,-1.3506274826670261,1.68510201610358,0.0,-0.6224076240764478,0.37759237592355216,0.1425849281946276,-0.4232951471259674
feature_422,-0.01902697484130181,0.6037494604744038,-0.9600870393434467,1.6303125699061216,0.0,-0.592831502864257,0.4071684971357429,0.4838128162315924,-0.24207452530050055
feature_423,0.03302014791718851,0.5781468867875232,-1.2452542996206166,1.0947060935191317,0.0,-0.48509777746823657,0.5149022225317634,0.0003673734753900227,-0.9341705507655207
feature_424,0.21996855610813126,0.8361067113882218,-2.0237215825378647,2.4755994872413707,0.0,-0.26348302432813375,0.7365169756718664,0.43833308347047795,0.6534660791336302
feature_425,0.2158694007055283,0.7638137231814394,-1.1434462160324346,2.783442519064979,0.0,-0.41094305649044316,0.589056943509557,1.0508146978646675,1.326740234797204
feature_426,0.2960968422761614,1.0047276711776958,-1.2850861533759568,4.271433410745325,0.0,-0.3174265813200372,0.6825734186799626,1.741435882477309,3.7154125166743155
feature_427,0.11039937040421205,0.7652536642507042,-1.0409777001187148,3.402414124740806,0.0,-0.447772235941003,0.552227764058997,1.4468146787321021,3.813302664044204
feature_428,2.202587673145438,9.641619806048864,-1.761354524044185,55.703079888301865,0.0,-0.5657432239647432,0.4342567760352568,4.564017276005594,20.386608794995592
feature_429,2.429193806791911,13.654813782304215,-0.9626261084757222,102.87547919906224,0.0,-0.49875401947516335,0.5012459805248366,6.818615194850646,46.75693376379365
feature_430,0.0020871166139639344,0.8870213266724613,-2.28537921317007,1.8276614314933655,0.0,-0.3839650465118237,0.6160349534881763,-0.1838745295814969,-0.2165900364159623
feature_431,-0.10349443663385177,0.7472406725692823,-2.26813682565367,1.1977575362044148,0.0,-0.5676177178290094,0.43238228217099,-0.5276005897720937,-0.07949637908192342
feature_432,0.11026420966602489,0.9324021171459586,-1.9045774133885274,3.3305689338581184,0.0,-0.4371096996284696,0.5628903003715309,0.6985480546266016,1.3205811622928119
feature_433,0.288135593220339,0.663538216431673,-0.75,2.0,0.0,-0.25,0.75,0.5480623340815522,-0.6713526013512428
feature_434,0.2780634638614445,1.0073202000260006,-0.8663288346312803,4.1671762383876425,0.0,-0.4167818319447903,0.5832181680552097,1.7085735013582963,3.3805113014936303
feature_435,0.27511801780336625,1.4205352720057707,-1.2681180364043374,7.883404466741288,0.0,-0.542342205731841,0.45765779426815884,2.9817425194409313,12.111688326559555
feature_436,0.06741219399211251,0.6865321967083867,-1.2105558218476071,1.8482536633987556,0.0,-0.429933400740406,0.570066599259594,0.2264445730144098,-0.6996089635132261
feature_437,0.15444398302263482,0.7514638545982115,-0.7758409447481727,2.5010312096169893,0.0,-0.3755776527149502,0.6244223472850499,1.1804926727757625,0.9068323876166628
feature_438,0.03965374242553233,0.5950732192278924,-1.0218688161070166,1.1152157913886356,0.0,-0.487119886207781,0.5128801137922191,0.25893207977626453,-1.0425516747149002
feature_439,0.005968437704826944,0.9662253333543466,-2.2479670481028187,4.046908964642755,0.0,-0.5368930085032861,0.46310699149671364,1.2299280629317304,3.7284082813872024
feature_440,0.06809788794536793,0.7032015582361759,-1.3648282395541027,1.9970299369662459,0.0,-0.4834297199897194,0.5165702800102805,0.5780540470995601,0.05828412829634244
feature_441,0.8868283871792091,4.559184710066449,-2.412773361614184,25.157045744085494,0.0,-0.5429671893210943,0.45703281067890544,4.897680753115183,22.87292996896245
feature_442,0.25796207068192517,1.5790920236313561,-1.614409578550495,9.751964653405533,0.0,-0.45100786803043913,0.5489921319695609,3.9280197400042653,20.08269900194102
feature_443,1.7238554103324497,9.434658245085307,-1.4499075282992875,53.07717783150876,0.0,-0.5413625403126119,0.4586374596873879,5.112203350322795,24.304778431593594
feature_444,0.7851252350878173,3.1853586248461956,-1.0295814231173797,21.394083725863982,0.0,-0.29657811003628864,0.7034218899637112,5.20596647455428,28.852029238997183
feature_445,0.25986294119870984,0.994318845541675,-1.2325183996604419,5.391564355155686,0.0,-0.3805157078245003,0.6194842921754997,2.48868602980826,9.889437057017867
feature_446,-0.11545937707951014,0.7426665353642935,-2.2024946943698067,1.3983123791248493,0.0,-0.5414217068472008,0.4585782931527992,-0.6011439575730984,0.3530133199355938
feature_447,-0.08945885841828001,0.8960543420419591,-1.786015734999556,3.9698501885396453,0.0,-0.6885478494213326,0.31145215057866726,1.2799699120619956,5.454086936488439
feature_448,0.05084745762711865,0.8114379121075135,-1.6666666666666667,3.3333333333333335,0.0,-0.3333333333333333,0.6666666666666666,0.8797907192444449,3.0184220987462567
feature_449,0.43969279592551036,1.4762701330044974,-0.649474053758951,9.017673414346914,0.0,-0.35839316677033184,0.6416068332296683,3.8021422227791652,17.8364437835119
feature_450,0.20980574129922908,0.6301568343322449,-0.6506689186885519,1.7498859851132331,0.0,-0.27675343344444747,0.7232465665555524,0.6281151888580233,-0.740614921613695
feature_451,0.04321118334727501,0.8648091982826593,-1.4325327305371924,2.6738703979448073,0.0,-0.5752101897294548,0.4247898102705455,0.8646564256937694,0.8238721908033675
feature_452,0.2613591840517637,0.9931935477934765,-0.9025267097307819,4.511357854307344,0.0,-0.4429813274406349,0.5570186725593649,1.911246351585248,4.558543021231799
feature_453,-0.146092998184971,0.752682238599533,-2.274077659874646,1.7287958490184994,0.0,-0.6973992730664723,0.30260072693352746,-0.21248691428763591,0.09023328601964664
feature_454,0.12030993909879265,0.7422495620350089,-1.7687227369345353,2.1174731469914994,0.0,-0.401810006872775,0.5981899931272247,0.39956658683923507,0.2433712828300032
feature_455,0.10625376492466151,0.6222995398428282,-0.9455546991707232,1.7349653457946614,0.0,-0.39297115970384583,0.6070288402961546,0.4220117239834479,-0.428958425536222
feature_456,0.4656423611117395,2.3241492667377184,-2.1147089266595422,11.821539892141034,0.0,-0.5851238795328892,0.414876120467111,3.536932984821211,13.744711689582303
feature_457,0.10628096693585137,0.9466719636553889,-1.5104259576478214,2.571496955616557,0.0,-0.5551725866649047,0.44482741333509535,0.6621690027149493,-0.13362024027059372
feature_458,1.654109216743464,6.671069428176358,-1.6553861920004052,33.72887659135767,0.0,-0.5257469073430285,0.47425309265697135,4.018822208895417,15.303071692879001
feature_459,0.6056057498121417,3.2209046347229857,-0.9633400512951469,23.27266191195016,0.0,-0.5452183151875394,0.4547816848124605,6.005666773455105,38.7491326399533
feature_460,0.343493204121348,1.1316738122095664,-1.3423292633879051,4.3744367025963395,0.0,-0.3185088678342647,0.6814911321657353,1.5163263065153383,2.328491766208452
feature_461,-0.1576162153491798,0.8040678393620949,-2.518971468543709,1.2303905008185654,0.0,-0.6495693216628291,0.3504306783371708,-0.7212649692749517,0.4179480340378152
feature_462,-0.04883156071729555,0.6725804489500149,-1.843220037227098,1.3965638079860687,0.0,-0.5281177461048758,0.4718822538951234,-0.20124957523663276,-0.17214283287275522
feature_463,-0.03728813559322033,0.5614443556003631,-0.8,1.2,0.0,-0.6,0.4,0.43015020568950596,-0.7345543785737774
feature_464,0.6203230805663783,2.0409760168386875,-0.8758607050997108,8.36320530374775,0.0,-0.43136559452656137,0.5686344054734387,2.705735958086429,6.572142266257851
feature_465,0.09743522843701134,0.7721456603142725,-1.3385253860324275,2.5365429734666787,0.0,-0.4288884392251491,0.5711115607748511,0.4788288416057868,0.2875676629328918
feature_466,0.030453115194590888,0.7136376740567739,-1.4985610128453843,1.5747614705753232,0.0,-0.4900093854103408,0.5099906145896594,0.07865249812449628,-0.4074683096726228
feature_467,0.23676081947864544,1.0428901332900942,-0.7411554969809501,4.870455015101537,0.0,-0.39498151874804033,0.6050184812519597,2.762589799708221,8.75434752810342
feature_468,0.005460897089898916,0.8627593127894359,-1.9014546403127208,2.1985655208310484,0.0,-0.6100571522777498,0.3899428477222504,0.31500179260338695,0.1803498954355085
feature_469,0.14595385841825717,0.8403015808472194,-1.6391296712124772,2.7653317815977703,0.0,-0.4126960587560121,0.5873039412439879,1.0449520465029876,1.6760950828171879
feature_470,0.1466576403465511,0.6778900311397271,-0.7665183349470753,1.8833529059284504,0.0,-0.4260095221193258,0.5739904778806741,0.7361130836959061,-0.38722635970284136
feature_471,0.10659930942749629,0.980449129608592,-1.8487733073803028,3.983301424402269,0.0,-0.5789615239153232,0.4210384760846765,1.7658998754843505,4.571417896616119
feature_472,0.20722581970152343,0.915742215792672,-1.3338272897451848,3.364900662978427,0.0,-0.45590837833730463,0.5440916216626954,1.2009924543234622,1.7364691888458728
feature_473,0.8760354551100998,4.366761629422898,-2.0062986876353577,24.91954994073554,0.0,-0.4294191793334644,0.5705808206665358,4.869462630676157,22.81645833351067
feature_474,0.47014074737553163,2.000335090886971,-1.2990579192155036,12.760820009056406,0.0,-0.3828452030570203,0.6171547969429795,4.31211956146247,22.31016108965265
feature_475,0.23058889921098774,1.2825795473103585,-1.616724450737737,5.2792664283768875,0.0,-0.5129768731799554,0.4870231268200444,1.9821397061935977,4.772744495916834
feature_476,-0.03292651422166202,0.6925980721021383,-2.2727882654228626,1.7479580630623428,0.0,-0.5217322017582557,0.47826779824174387,-0.29574940986230946,0.6375131973712729
feature_477,-0.1263871990288869,0.7390656688273131,-2.3089499530626387,1.8105941692667173,0.0,-0.6584424512766638,0.34155754872333655,-0.5793866560262091,0.9849412137501039
feature_478,-0.05084745762711861,0.675572044196854,-1.8,1.4,0.0,-0.6,0.4,0.07978119741393386,-0.523743130547778
feature_479,0.7783225961149162,2.4389104453118526,-0.649425255036302,13.459864551165408,0.0,-0.39691708413839827,0.6030829158616017,3.819694499222248,15.472154296042419
feature_480,0.2608180999785541,0.8919951543603888,-1.3853733752008581,2.499828300897981,0.0,-0.28691661310258854,0.7130833868974117,0.7656686381847527,0.10812197913097554
feature_481,0.10015464501722521,0.7746369924382546,-1.2278174588482764,2.3400452082032555,0.0,-0.4298238144083832,0.5701761855916172,0.6404473215917108,0.11747284239370437
feature_482,0.37152156365909755,1.2600456589543088,-1.0668315648344069,5.778924512061905,0.0,-0.36721441462930926,0.6327855853706906,2.215983103003909,5.652910526924847
feature_483,-0.03220928290622743,0.6763542641030751,-1.8503118869786053,1.3357069619128394,0.0,-0.5256736575116971,0.4743263424883028,-0.16372797848759263,-0.40932671815306687
feature_484,0.15380188278154353,1.0808129599761285,-2.3215932238979473,3.634870252122443,0.0,-0.4852171430729255,0.5147828569270743,0.7987401848609292,1.022397400709198
feature_485,-0.012168819965838476,0.7807363801172716,-1.3324412247274642,2.1556617098682156,0.0,-0.6037659733126761,0.396234026687324,0.5356583373674741,-0.038635311382713144
feature_486,0.22761752377271807,0.8375139443603093,-1.2181443994576227,3.296177165733974,0.0,-0.34770193284579426,0.6522980671542055,1.653579317872127,3.344312729803476
feature_487,0.17818469561509867,0.7673626287284353,-1.0518360271013698,2.386795978248504,0.0,-0.39724529569190603,0.602754704308094,0.76467326973165,-0.1188385305631221
feature_488,0.6895229804092916,2.7186011961573806,-1.1285732295331474,14.542222707461166,0.0,-0.36854228961895985,0.6314577103810401,4.227190425360141,18.29108396823508
feature_489,0.4588872447257583,2.0002534995990056,-1.7187703713415434,12.529697753814599,0.0,-0.3479558828452022,0.6520441171547979,4.062690234160822,20.591819770156956
feature_490,0.2916776042000305,1.23872645963955,-1.7466606172217438,5.325374723188167,0.0,-0.4529538074642937,0.547046192535706,2.090869913378406,5.24972356192497
feature_491,-0.05175216389625963,0.873599116559547,-3.290676577159226,2.0152112725819857,0.0,-0.5003207512796367,0.4996792487203623,-0.8148357373645922,1.9875301791387683
feature_492,-0.13377086249294368,0.8478912247203471,-2.301832572020546,1.923103465352358,0.0,-0.6668050551425815,0.3331949448574186,-0.16024606805557598,-0.04084781283733463
feature_493,0.0635593220338983,0.7257276014908361,-1.75,2.0,0.0,-0.5,0.5,0.3539283654955546,-0.13479329057625833
feature_494,0.6639163513988946,2.00825666881931,-0.601092927120224,9.546786518571848,0.0,-0.33513624507518625,0.6648637549248138,2.986415788415121,8.51632054770612
feature_495,0.03235237068979719,0.6914664227574735,-1.097817254062331,1.8817243364506313,0.0,-0.49697910001261003,0.50302089998739,0.4524536084070812,-0.30859427855035415
feature_496,0.12150765421416483,0.6522028686429915,-0.8092917014554762,1.605584021453255,0.0,-0.43052737675810204,0.569472623241898,0.5478908060976543,-0.7606486088840203
feature_497,0.18455473675624254,0.6728543011617678,-0.5503657942240555,2.5745218496002256,0.0,-0.3570759109110033,0.6429240890889967,1.2388466764925905,1.7122803591259323
feature_498,-0.07931531936374457,0.5995651640131011,-1.2832039512398292,0.8961664863009328,0.0,-0.5506857170036433,0.44931428299635656,-0.37107038498125205,-0.9614407319756584
feature_499,0.1990518975364189,0.7902437351554662,-1.2071709414840055,2.7978331957101163,0.0,-0.3823455780160222,0.6176544219839776,1.189157388591381,1.3092108655897876
feature_500,0.11490833042620383,0.8182550442505393,-1.264527424739615,2.1821626392753006,0.0,-0.39671267792499976,0.6032873220750001,0.6251927220937394,-0.013920992001774657
feature_501,0.10179328116226621,0.775770825666098,-1.4814959194439226,2.404828271126551,0.0,-0.5485467756135549,0.45145322438644475,1.0155093733725515,0.9896426602052517
feature_502,0.014760423526114582,0.7994729613483463,-1.1599622005537757,2.392129301583873,0.0,-0.5936138997372497,0.4063861002627501,0.8565969228293008,0.4907102451326666
feature_503,0.6680163694501721,3.4379590284609023,-1.6676412780417742,19.80406841128621,0.0,-0.4578564956075454,0.5421435043924551,4.801265139991212,22.460601133153016
feature_504,0.23966032535354861,1.0793418639465155,-0.71871798392786,6.188123954379766,0.0,-0.4425229788161375,0.5574770211838624,3.2474601423654605,14.123351870543985
feature_505,0.1221488334888687,0.685058051046732,-0.7746721726613517,2.4196840694378183,0.0,-0.4417845994338838,0.5582154005661162,1.0334740615333293,0.9374185672678523
feature_506,-0.12391456500636992,0.7742021847893309,-2.4364507105454183,1.1062554679220058,0.0,-0.5662863025592668,0.4337136974407336,-0.7445255460161879,0.25092223255240853
feature_507,0.030354908779892432,0.6064934118648777,-1.1307991524582328,1.1542323805614194,0.0,-0.4579910710025046,0.5420089289974952,0.05539339746995718,-1.1321465540058642
feature_508,0.06779661016949153,0.6457660483031387,-1.0,1.5,0.0,-0.5,0.5,0.4194876658585937,-0.7517373177864823
feature_509,0.46565145086406406,0.8026297722544713,-0.1635504729694638,3.3791776254576162,0.0,-0.1253716621710357,0.8746283378289644,1.5285355446259885,1.9568867699488353
feature_510,0.11855948797295446,0.6454961785153117,-0.9225776380427279,1.7786312281079086,0.0,-0.36506417413792297,0.634935825862077,0.5549937854399406,-0.25389278623100875
feature_511,0.21889815028384432,0.6833135964865561,-0.6524723743205639,2.0079877752301902,0.0,-0.32290151700577413,0.6770984829942259,0.9290442331725782,0.003692317112917287
feature_512,0.22366994118750266,0.697662162820958,-0.532256547058061,2.4026698382111333,0.0,-0.34236470982189193,0.6576352901781082,1.278287638295071,1.5845245854968066
feature_513,-0.20851638697528022,0.6820970619755286,-1.9498304203481143,0.6916595476131042,0.0,-0.6709494587280704,0.3290505412719298,-0.7671518936721193,-0.5006665803573873
feature_514,0.14885301012054974,0.7098686190788764,-1.1173459875598608,1.8386555663798052,0.0,-0.41081780562330084,0.5891821943766993,0.640301771838383,-0.4064845214116848
feature_515,0.12352941195973982,0.7512831790963034,-1.125858256830421,3.087683493904909,0.0,-0.4221950520137002,0.5778049479862997,1.181099424680722,2.369137311641264
feature_516,0.2499252631613701,0.8933486829058969,-1.1637406188159427,3.6839839969396877,0.0,-0.381947504406506,0.6180524955934941,1.5337395317309819,2.908662507432143
feature_517,0.24085292796601337,0.7016672064484784,-0.7364456193440747,2.537678475351864,0.0,-0.29150573956766357,0.7084942604323365,1.0281696133063576,0.4890557538744926
feature_518,1.2362589305160263,4.855678054812663,-1.2088177362273045,22.305066587397683,0.0,-0.5074999644375668,0.49250003556243305,3.684141660048328,12.389645109288914
feature_519,0.4517180116214253,2.3118027279414393,-0.6531993728434345,17.296520220842577,0.0,-0.4025337987850272,0.5974662012149727,6.542002623349242,44.79418284383228
feature_520,0.22501618056131667,0.7360660910708043,-0.5985456021855705,2.5569020227496977,0.0,-0.36744542720921103,0.6325545727907889,1.2129494558640106,1.3744909522347646
feature_521,-0.12113554097040455,0.7688348543241267,-2.682161400192433,1.3844532151785887,0.0,-0.5497768657778807,0.45022313422211935,-0.833393880759477,0.8554824723796526
feature_522,0.14332425751993594,0.6406545551515384,-0.8817867117507854,1.346677795954253,0.0,-0.37981010772057516,0.6201898922794247,0.4001837346544492,-1.0765993087168062
feature_523,0.3276836158192091,0.5615211638922204,-0.2222222222222222,1.7777777777777777,0.0,-0.2222222222222222,0.7777777777777777,0.8145438322390144,-0.5744762322286778
feature_524,0.5091970787885475,0.916698172818855,-0.16424083274534895,3.2329339211299573,0.0,-0.14201097968176196,0.857989020318238,1.5369407086283642,1.477611151766351
feature_525,0.07092357258234541,0.6516084689776326,-1.294022880498697,1.574470881516577,0.0,-0.5067027435200162,0.49329725647998357,0.3054458749698255,-0.4613975077982202
feature_526,0.06412570538719672,0.6326715710053011,-1.1557049246992668,1.3681610626880154,0.0,-0.4323584624120088,0.5676415375879913,0.2789913164892143,-0.8699204479707245
feature_527,0.07030247652854997,0.5942702001659156,-0.7423787132328307,1.757803951457863,0.0,-0.4943452858486403,0.5056547141513595,0.5298434249663703,-0.36716867043679313
feature_528,-0.06146378730379183,0.534579035992659,-1.025673799442498,1.017785538582721,0.0,-0.5699405804191078,0.43005941958089233,-0.05956494532934662,-1.2762796466983914
feature_529,0.17536566802086032,0.7405654123172178,-1.7876585306337367,2.102035893609881,0.0,-0.23783096582611396,0.7621690341738858,0.2018960947255189,-0.01295005864738652
feature_530,0.1902794397230984,0.7522333723924272,-0.8812764195667935,2.2262960821671913,0.0,-0.45494575962418954,0.5450542403758103,0.9042665056982732,-0.06837701137735586
feature_531,0.2537243568687517,1.3375199363546524,-2.209629608892691,4.15130941252037,0.0,-0.45677584493400397,0.5432241550659955,1.1095656340032378,1.198939442121052
feature_532,0.1288424983967942,0.800965088207732,-1.3606153954475273,2.275194548786766,0.0,-0.4279565513571637,0.5720434486428361,0.6320074768080135,-0.003834374076129521
feature_533,1.237889856542973,5.701624826057324,-1.2354206550038116,33.511639608605044,0.0,-0.5100482890132076,0.4899517109867922,4.7273885539922995,21.88434500992642
feature_534,1.7773479603075975,9.207195155575853,-0.677851819298314,69.10344503694496,0.0,-0.31791498732470214,0.682085012675298,6.722416824235331,45.646027125264084
feature_535,-0.15697559476168307,0.8353719082584115,-2.0730310691717166,1.5296421064430898,0.0,-0.6317970426273503,0.36820295737264974,-0.30606450779079414,-0.41993212695814774
feature_536,-0.15864446482849864,0.7318929969825334,-2.224799789390183,1.0532635457530606,0.0,-0.5589716374035711,0.44102836259642886,-0.8010317781733751,0.1356450466998207
feature_537,0.07433144291656028,0.7249124152072501,-1.7071519704256954,1.5683237979436202,0.0,-0.3891183270475862,0.6108816729524141,0.08788748092017026,-0.2868626357025206
feature_538,0.3389830508474576,0.6538068312537597,-0.5,1.75,0.0,-0.25,0.75,0.7973542450415402,-0.6356497350104595
feature_539,0.23388495263017292,0.9259383636441177,-0.646889298775169,4.544075497263877,0.0,-0.35959389072328074,0.640406109276719,2.37973554616304,7.252861445944017
feature_540,0.32525586902830084,1.3088120127565788,-1.169166535448859,6.607272649025115,0.0,-0.40731822659253014,0.5926817734074699,2.998805718781098,10.598522232426484
feature_541,-0.009635598711259788,0.6857110370120656,-1.2347988984674523,1.3653575416460557,0.0,-0.5033049751804441,0.49669502481955596,0.0730274621236221,-0.8757662376002529
feature_542,0.03328815161847831,0.7489367763604974,-0.9527711215781993,2.6907536079489836,0.0,-0.5878609524727474,0.4121390475272526,1.1164680175407375,1.6910890345095604
feature_543,0.07893033508921114,0.7177430893169476,-1.2561607647417412,1.6115276105150378,0.0,-0.4364787363771766,0.5635212636228232,0.12075084357244652,-0.7820672003766949
feature_544,0.01123951246511397,0.8180195440284184,-2.460514450324397,2.803322238073438,0.0,-0.5072585206003817,0.4927414793996183,0.31788461077873,1.6868512296014622
feature_545,0.028720604985394887,0.822427402351254,-1.5941556083011317,1.8275760228348539,0.0,-0.44122245001252713,0.558777549987473,0.03219517033051793,-0.5504736796257035
feature_546,0.3623954124771354,1.3395066482353402,-1.4979234743822356,6.124238873074752,0.0,-0.40119200293291823,0.5988079970670819,2.2599598386590993,6.226842629932202
feature_547,0.17562792483054285,0.8517004857244017,-1.3453496467125765,2.78178389006922,0.0,-0.34990953095559263,0.6500904690444074,0.8587702199207984,1.065050913432609
feature_548,4.842558589874437,23.678941853551546,-1.1764562494779804,146.8575704947197,0.0,-0.35694242046682745,0.6430575795331723,5.232196954344491,26.114639511673566
feature_549,7.4929005533142545,45.83128231675738,-1.0974359715653255,345.3364077017661,0.0,-0.39321820887663145,0.6067817911233686,6.880884243599494,47.21688670997004
feature_550,0.21798781234123937,1.2265964145688182,-1.831404646505617,6.116189753714222,0.0,-0.5274733130572542,0.4725266869427458,2.4853153472503657,8.44309280983115
feature_551,-0.11542706534674642,0.6416104497781983,-1.575897372496698,1.0013843451719853,0.0,-0.6141458684200738,0.38585413157992665,-0.30663508527609673,-0.7373729812810317
feature_552,0.01598403988261572,0.8388256811589457,-2.17993676063885,1.8323700958314426,0.0,-0.4327424661755157,0.5672575338244832,-0.27004523178765105,0.22208313781996658
feature_553,0.2330508474576271,0.5690916170538597,-0.5,1.75,0.0,-0.25,0.75,0.5060709854737052,-0.7143101304866257
feature_554,0.8421674720214979,2.777297152052831,-0.9221036687824244,16.03414959819906,0.0,-0.33447320063766345,0.6655267993623364,3.6254492654329575,14.631727093042876
feature_555,0.23691952871576494,1.1707450944352127,-1.3547549459337596,5.985083817170898,0.0,-0.5002450791844355,0.4997549208155642,2.6566557114412195,9.58919707450814
feature_556,0.0580341503411048,0.7338515666708103,-1.6674332718761478,1.587712677921331,0.0,-0.45870812763163227,0.5412918723683672,-0.0592680371757315,-0.2616682398344863
feature_557,0.4112218776171429,1.5407479939638036,-1.0783052192787028,7.398555397270451,0.0,-0.46627153201545113,0.5337284679845489,2.731550337975989,8.232710350855706
feature_558,0.07693932693347118,0.7519013365147954,-1.5282772580365767,2.155475169338646,0.0,-0.49644191384107783,0.5035580861589222,0.6591017114906551,0.4482776136516886
feature_559,0.10803721894167193,0.9386959034764808,-2.0529009893865036,3.1321665562478165,0.0,-0.5115182507190038,0.4884817492809962,1.08052574444633,1.6871265519296044
feature_560,0.10657721094919015,0.810975961016886,-1.2238549425470124,2.1253670426226887,0.0,-0.4844901605867919,0.5155098394132077,0.678056879937163,-0.050636282435657876
feature_561,0.16344375882691822,0.8699728452440442,-1.538702777855903,3.2908502456545983,0.0,-0.43228481538806984,0.5677151846119303,1.5854516818281352,3.35055478060808
feature_562,0.1286745275241465,0.8577536820972069,-1.3139121791563335,2.7927609155648954,0.0,-0.4853870370305061,0.514612962969494,0.8617135634276123,0.663705282552423
feature_563,0.949884758043842,3.6384204751536875,-1.4611882489762678,18.0019333768071,0.0,-0.44513778828503836,0.5548622117149616,3.529285110099465,11.586301183343897
feature_564,0.7344589995325261,4.109939155119522,-1.5698733430782745,29.950950884855196,0.0,-0.4959025029508752,0.5040974970491248,6.204211660489389,40.54169785894571
feature_565,0.3787381065905462,1.3715843259140554,-1.7468115864575886,5.146111030736555,0.0,-0.36330321855525705,0.6366967814447428,2.0066966319870008,4.140466386116806
feature_566,0.013008502001095677,0.6000646517185634,-1.8206155823924584,0.9771025266045451,0.0,-0.4305177895777764,0.5694822104222232,-0.35412878056013736,-0.17205472971457825
feature_567,-0.1739104016568934,0.7747829072013148,-2.348023542001027,1.5991718370803965,0.0,-0.7052727382667643,0.29472726173323616,-0.37104267024154486,0.3781778807792202
feature_568,0.04896421845574383,0.7110967472774472,-1.7777777777777777,1.5555555555555556,0.0,-0.4444444444444444,0.5555555555555556,0.18157765786772812,-0.3635239115229201
feature_569,0.8315878528769395,2.443502345977642,-0.7961482678591756,10.700339279588658,0.0,-0.3698820223892948,0.6301179776107051,2.7909391692124648,7.3393498761153
